date,temperature_celsius
2015-01-01,1.9124999999999999
2015-01-02,2.5500000000000003
2015-01-03,1.2916666666666667
2015-01-04,2.4291666666666667
2015-01-05,0.1416666666666667
2015-01-06,-2.025
2015-01-07,1.5916666666666668
2015-01-08,5.2
2015-01-09,8.016666666666667
2015-01-10,10.516666666666667
2015-01-11,4.079166666666667
2015-01-12,5.579166666666667
2015-01-13,8.433333333333334
2015-01-14,5.166666666666667
2015-01-15,7.308333333333334
2015-01-16,6.25
2015-01-17,2.716666666666667
2015-01-18,0.25
2015-01-19,0.3333333333333333
2015-01-20,0.4708333333333334
2015-01-21,0.029166666666666684
2015-01-22,0.8416666666666667
2015-01-23,1.0041666666666667
2015-01-24,0.05833333333333334
2015-01-25,1.5583333333333333
2015-01-26,1.375
2015-01-27,2.4041666666666663
2015-01-28,2.8166666666666664
2015-01-29,1.4458333333333335
2015-01-30,1.0583333333333333
2015-01-31,0.6958333333333333
2015-02-01,0.49583333333333335
2015-02-02,0.7999999999999999
2015-02-03,-0.17916666666666667
2015-02-04,-1.8
2015-02-05,-2.1458333333333335
2015-02-06,-1.1833333333333333
2015-02-07,-0.8541666666666666
2015-02-08,1.4166666666666667
2015-02-09,2.8625000000000003
2015-02-10,3.858333333333333
2015-02-11,1.5999999999999999
2015-02-12,0.7458333333333332
2015-02-13,1.4708333333333334
2015-02-14,1.5374999999999999
2015-02-15,0.6833333333333332
2015-02-16,1.3291666666666666
2015-02-17,1.375
2015-02-18,2.4166666666666665
2015-02-19,0.49583333333333335
2015-02-20,4.520833333333333
2015-02-21,4.445833333333334
2015-02-22,2.5
2015-02-23,2.275
2015-02-24,3.2541666666666664
2015-02-25,2.6833333333333336
2015-02-26,4.495833333333334
2015-02-27,2.65
2015-02-28,2.3833333333333333
2015-03-01,5.479166666666667
2015-03-02,6.191666666666666
2015-03-03,5.008333333333334
2015-03-04,3.5833333333333335
2015-03-05,4.158333333333333
2015-03-06,4.0625
2015-03-07,4.066666666666666
2015-03-08,6.633333333333333
2015-03-09,6.8125
2015-03-10,5.8500000000000005
2015-03-11,3.745833333333333
2015-03-12,3.975
2015-03-13,3.4
2015-03-14,3.579166666666667
2015-03-15,4.8500000000000005
2015-03-16,6.616666666666666
2015-03-17,8.020833333333334
2015-03-18,9.075000000000001
2015-03-19,8.754166666666666
2015-03-20,7.520833333333333
2015-03-21,4.579166666666667
2015-03-22,4.458333333333333
2015-03-23,5.158333333333333
2015-03-24,7.554166666666667
2015-03-25,9.125
2015-03-26,6.304166666666667
2015-03-27,6.770833333333333
2015-03-28,6.6375
2015-03-29,9.6
2015-03-30,7.425000000000001
2015-03-31,8.85
2015-04-01,5.3500000000000005
2015-04-02,4.895833333333333
2015-04-03,5.104166666666667
2015-04-04,4.175
2015-04-05,4.3875
2015-04-06,4.3500000000000005
2015-04-07,5.595833333333334
2015-04-08,8.333333333333334
2015-04-09,10.745833333333332
2015-04-10,13.108333333333334
2015-04-11,11.720833333333333
2015-04-12,11.495833333333332
2015-04-13,10.316666666666666
2015-04-14,12.016666666666666
2015-04-15,14.9
2015-04-16,14.85
2015-04-17,10.404166666666667
2015-04-18,8.216666666666667
2015-04-19,8.8375
2015-04-20,10.887500000000001
2015-04-21,12.745833333333332
2015-04-22,9.591666666666667
2015-04-23,10.299999999999999
2015-04-24,12.8375
2015-04-25,12.291666666666666
2015-04-26,14.387500000000001
2015-04-27,10.954166666666666
2015-04-28,8.862499999999999
2015-04-29,9.825000000000001
2015-04-30,10.200000000000001
2015-05-01,8.791666666666666
2015-05-02,10.833333333333334
2015-05-03,12.333333333333334
2015-05-04,17.1375
2015-05-05,18.308333333333334
2015-05-06,14.241666666666667
2015-05-07,13.025
2015-05-08,15.025
2015-05-09,15.929166666666667
2015-05-10,14.6875
2015-05-11,16.662499999999998
2015-05-12,18.458333333333332
2015-05-13,15.045833333333334
2015-05-14,14.358333333333334
2015-05-15,15.433333333333332
2015-05-16,13.450000000000001
2015-05-17,13.887500000000001
2015-05-18,15.833333333333334
2015-05-19,13.916666666666666
2015-05-20,11.041666666666666
2015-05-21,11.466666666666667
2015-05-22,14.233333333333334
2015-05-23,16.020833333333332
2015-05-24,15.200000000000001
2015-05-25,14.895833333333334
2015-05-26,12.266666666666666
2015-05-27,11.320833333333333
2015-05-28,14.529166666666667
2015-05-29,14.454166666666666
2015-05-30,13.670833333333334
2015-05-31,15.783333333333333
2015-06-01,14.1625
2015-06-02,18.458333333333332
2015-06-03,17.970833333333335
2015-06-04,18.208333333333332
2015-06-05,23.40416666666667
2015-06-06,22.724999999999998
2015-06-07,20.158333333333335
2015-06-08,16.5625
2015-06-09,15.612499999999999
2015-06-10,17.391666666666666
2015-06-11,19.379166666666666
2015-06-12,22.27916666666667
2015-06-13,20.545833333333334
2015-06-14,20.304166666666667
2015-06-15,18.162499999999998
2015-06-16,16.404166666666665
2015-06-17,16.55
2015-06-18,16.775000000000002
2015-06-19,13.579166666666666
2015-06-20,14.075000000000001
2015-06-21,15.133333333333333
2015-06-22,13.3375
2015-06-23,12.845833333333333
2015-06-24,14.862499999999999
2015-06-25,18.208333333333332
2015-06-26,20.570833333333333
2015-06-27,19.258333333333333
2015-06-28,18.3875
2015-06-29,21.170833333333334
2015-06-30,22.1375
2015-07-01,25.2625
2015-07-02,27.916666666666668
2015-07-03,28.895833333333332
2015-07-04,30.03333333333333
2015-07-05,29.5
2015-07-06,23.179166666666664
2015-07-07,25.295833333333334
2015-07-08,19.445833333333333
2015-07-09,16.629166666666666
2015-07-10,17.266666666666666
2015-07-11,22.604166666666668
2015-07-12,20.854166666666668
2015-07-13,17.9375
2015-07-14,20.2375
2015-07-15,22.099999999999998
2015-07-16,24.141666666666666
2015-07-17,27.541666666666668
2015-07-18,24.2625
2015-07-19,22.229166666666668
2015-07-20,21.912499999999998
2015-07-21,24.566666666666666
2015-07-22,25.016666666666666
2015-07-23,22.5
2015-07-24,24.333333333333332
2015-07-25,19.341666666666665
2015-07-26,17.595833333333335
2015-07-27,18.495833333333334
2015-07-28,17.979166666666668
2015-07-29,16.545833333333334
2015-07-30,15.35
2015-07-31,16.120833333333334
2015-08-01,20.529166666666665
2015-08-02,22.52916666666667
2015-08-03,25.612499999999997
2015-08-04,22.504166666666666
2015-08-05,21.866666666666664
2015-08-06,27.087500000000002
2015-08-07,29.166666666666668
2015-08-08,25.6875
2015-08-09,25.016666666666666
2015-08-10,24.645833333333332
2015-08-11,23.520833333333332
2015-08-12,26.079166666666666
2015-08-13,28.104166666666668
2015-08-14,24.608333333333334
2015-08-15,21.804166666666664
2015-08-16,17.099999999999998
2015-08-17,14.583333333333334
2015-08-18,16.666666666666668
2015-08-19,17.175
2015-08-20,17.9875
2015-08-21,18.425
2015-08-22,20.191666666666666
2015-08-23,20.570833333333333
2015-08-24,19.320833333333333
2015-08-25,17.795833333333334
2015-08-26,21.3125
2015-08-27,21.833333333333332
2015-08-28,17.525000000000002
2015-08-29,21.3875
2015-08-30,25.745833333333334
2015-08-31,26.508333333333336
2015-09-01,19.325
2015-09-02,16.325
2015-09-03,15.933333333333332
2015-09-04,14.266666666666666
2015-09-05,13.408333333333333
2015-09-06,12.933333333333332
2015-09-07,13.345833333333333
2015-09-08,14.633333333333333
2015-09-09,15.058333333333332
2015-09-10,14.741666666666667
2015-09-11,14.704166666666666
2015-09-12,16.870833333333334
2015-09-13,17.75
2015-09-14,16.5125
2015-09-15,14.245833333333332
2015-09-16,15.991666666666667
2015-09-17,14.616666666666667
2015-09-18,14.295833333333334
2015-09-19,13.745833333333332
2015-09-20,12.612499999999999
2015-09-21,13.666666666666666
2015-09-22,12.820833333333333
2015-09-23,12.375
2015-09-24,13.475
2015-09-25,13.541666666666666
2015-09-26,13.654166666666667
2015-09-27,13.091666666666667
2015-09-28,12.299999999999999
2015-09-29,12.666666666666666
2015-09-30,12.137500000000001
2015-10-01,11.3125
2015-10-02,11.920833333333334
2015-10-03,13.1625
2015-10-04,12.895833333333334
2015-10-05,13.516666666666666
2015-10-06,16.508333333333333
2015-10-07,15.041666666666666
2015-10-08,13.754166666666668
2015-10-09,12.908333333333333
2015-10-10,11.916666666666666
2015-10-11,9.245833333333334
2015-10-12,6.870833333333334
2015-10-13,6.075
2015-10-14,4.841666666666667
2015-10-15,4.008333333333334
2015-10-16,6.55
2015-10-17,6.920833333333333
2015-10-18,7.529166666666666
2015-10-19,7.8
2015-10-20,9.529166666666667
2015-10-21,9.058333333333334
2015-10-22,9.612499999999999
2015-10-23,10.283333333333333
2015-10-24,9.391666666666667
2015-10-25,11.683333333333332
2015-10-26,10.504166666666666
2015-10-27,8.5875
2015-10-28,7.770833333333333
2015-10-29,10.316666666666666
2015-10-30,10.1
2015-10-31,8.929166666666667
2015-11-01,6.479166666666667
2015-11-02,5.1625
2015-11-03,3.670833333333333
2015-11-04,8.262500000000001
2015-11-05,10.154166666666667
2015-11-06,12.862499999999999
2015-11-07,16.004166666666666
2015-11-08,14.091666666666667
2015-11-09,14.595833333333333
2015-11-10,12.720833333333333
2015-11-11,11.191666666666668
2015-11-12,10.9125
2015-11-13,9.737499999999999
2015-11-14,8.354166666666666
2015-11-15,10.9
2015-11-16,9.7875
2015-11-17,12.458333333333334
2015-11-18,12.920833333333334
2015-11-19,12.445833333333333
2015-11-20,7.845833333333334
2015-11-21,3.4958333333333336
2015-11-22,2.529166666666667
2015-11-23,1.9958333333333333
2015-11-24,0.8458333333333333
2015-11-25,3.0583333333333336
2015-11-26,3.9625
2015-11-27,0.3333333333333333
2015-11-28,2.891666666666667
2015-11-29,7.2250000000000005
2015-11-30,9.4875
2015-12-01,10.4125
2015-12-02,8.85
2015-12-03,4.741666666666666
2015-12-04,6.229166666666667
2015-12-05,4.866666666666666
2015-12-06,7.283333333333334
2015-12-07,7.966666666666668
2015-12-08,4.1875
2015-12-09,5.995833333333334
2015-12-10,1.6875
2015-12-11,3.5625
2015-12-12,8.033333333333333
2015-12-13,7.870833333333334
2015-12-14,6.320833333333333
2015-12-15,5.929166666666667
2015-12-16,7.941666666666666
2015-12-17,11.075000000000001
2015-12-18,10.120833333333334
2015-12-19,9.512500000000001
2015-12-20,7.745833333333334
2015-12-21,9.612499999999999
2015-12-22,10.333333333333334
2015-12-23,8.866666666666667
2015-12-24,8.987499999999999
2015-12-25,10.625
2015-12-26,9.354166666666666
2015-12-27,7.441666666666666
2015-12-28,4.029166666666667
2015-12-29,2.566666666666667
2015-12-30,3.3708333333333336
2015-12-31,3.5708333333333333
2016-01-01,3.3666666666666667
2016-01-02,2.15
2016-01-03,3.8791666666666664
2016-01-04,4.258333333333334
2016-01-05,4.208333333333333
2016-01-06,4.629166666666666
2016-01-07,4.6875
2016-01-08,3.483333333333333
2016-01-09,1.0125
2016-01-10,6.216666666666666
2016-01-11,5.125
2016-01-12,5.0375
2016-01-13,3.9499999999999997
2016-01-14,2.2083333333333335
2016-01-15,1.5916666666666668
2016-01-16,0.8375
2016-01-17,-1.0833333333333333
2016-01-18,-2.9916666666666667
2016-01-19,-4.991666666666666
2016-01-20,-2.275
2016-01-21,-1.1166666666666665
2016-01-22,-2.470833333333333
2016-01-23,3.125
2016-01-24,3.1125000000000003
2016-01-25,5.8125
2016-01-26,6.741666666666667
2016-01-27,9.729166666666666
2016-01-28,7.9875
2016-01-29,4.8
2016-01-30,6.520833333333333
2016-01-31,5.495833333333334
2016-02-01,10.620833333333334
2016-02-02,9.858333333333333
2016-02-03,4.791666666666667
2016-02-04,3.5875
2016-02-05,5.9125000000000005
2016-02-06,7.325
2016-02-07,6.4375
2016-02-08,7.075
2016-02-09,6.991666666666667
2016-02-10,3.3833333333333333
2016-02-11,3.233333333333333
2016-02-12,2.1333333333333333
2016-02-13,2.341666666666667
2016-02-14,5.7124999999999995
2016-02-15,2.920833333333333
2016-02-16,0.375
2016-02-17,1.0999999999999999
2016-02-18,2.8708333333333336
2016-02-19,1.5416666666666667
2016-02-20,4.058333333333334
2016-02-21,10.270833333333334
2016-02-22,8.929166666666667
2016-02-23,2.9416666666666664
2016-02-24,2.154166666666667
2016-02-25,0.40416666666666673
2016-02-26,1.0541666666666665
2016-02-27,1.7916666666666667
2016-02-28,1.9541666666666666
2016-02-29,2.4250000000000003
2016-03-01,1.825
2016-03-02,4.666666666666667
2016-03-03,2.0833333333333335
2016-03-04,2.7416666666666667
2016-03-05,4.8500000000000005
2016-03-06,2.3000000000000003
2016-03-07,1.8375000000000001
2016-03-08,0.7458333333333332
2016-03-09,2.533333333333333
2016-03-10,3.3166666666666664
2016-03-11,4.608333333333333
2016-03-12,4.045833333333333
2016-03-13,4.433333333333334
2016-03-14,4.0
2016-03-15,2.8166666666666664
2016-03-16,4.620833333333334
2016-03-17,4.891666666666667
2016-03-18,5.816666666666666
2016-03-19,5.079166666666667
2016-03-20,4.5625
2016-03-21,6.679166666666667
2016-03-22,6.445833333333333
2016-03-23,7.254166666666666
2016-03-24,6.5125
2016-03-25,6.304166666666667
2016-03-26,8.345833333333333
2016-03-27,8.120833333333334
2016-03-28,8.108333333333333
2016-03-29,8.225
2016-03-30,8.795833333333333
2016-03-31,7.55
2016-04-01,6.3875
2016-04-02,9.729166666666666
2016-04-03,13.137500000000001
2016-04-04,13.6625
2016-04-05,11.758333333333333
2016-04-06,10.941666666666668
2016-04-07,9.054166666666667
2016-04-08,7.129166666666666
2016-04-09,8.133333333333333
2016-04-10,10.5
2016-04-11,10.495833333333334
2016-04-12,11.233333333333334
2016-04-13,9.7875
2016-04-14,10.016666666666667
2016-04-15,11.549999999999999
2016-04-16,11.2125
2016-04-17,8.866666666666667
2016-04-18,7.833333333333333
2016-04-19,8.504166666666666
2016-04-20,8.558333333333334
2016-04-21,10.725
2016-04-22,11.158333333333333
2016-04-23,6.9875
2016-04-24,4.633333333333334
2016-04-25,4.7375
2016-04-26,5.204166666666667
2016-04-27,4.404166666666667
2016-04-28,5.441666666666666
2016-04-29,7.3500000000000005
2016-04-30,10.1
2016-05-01,11.070833333333333
2016-05-02,13.091666666666667
2016-05-03,10.954166666666666
2016-05-04,9.362499999999999
2016-05-05,11.741666666666667
2016-05-06,15.254166666666668
2016-05-07,16.920833333333334
2016-05-08,17.708333333333332
2016-05-09,18.279166666666665
2016-05-10,17.404166666666665
2016-05-11,17.520833333333332
2016-05-12,17.1875
2016-05-13,16.320833333333333
2016-05-14,10.895833333333334
2016-05-15,8.65
2016-05-16,8.995833333333334
2016-05-17,10.945833333333333
2016-05-18,14.066666666666668
2016-05-19,13.85
2016-05-20,14.2125
2016-05-21,16.5
2016-05-22,18.5625
2016-05-23,13.65
2016-05-24,11.0
2016-05-25,13.245833333333332
2016-05-26,15.883333333333333
2016-05-27,17.55
2016-05-28,18.395833333333332
2016-05-29,18.708333333333332
2016-05-30,16.7375
2016-05-31,16.858333333333334
2016-06-01,15.158333333333333
2016-06-02,16.85
2016-06-03,17.045833333333334
2016-06-04,18.558333333333334
2016-06-05,19.320833333333333
2016-06-06,20.579166666666666
2016-06-07,21.125
2016-06-08,18.837500000000002
2016-06-09,16.5125
2016-06-10,17.333333333333332
2016-06-11,17.724999999999998
2016-06-12,16.591666666666665
2016-06-13,16.058333333333334
2016-06-14,15.520833333333334
2016-06-15,15.133333333333333
2016-06-16,15.045833333333334
2016-06-17,15.566666666666668
2016-06-18,15.733333333333334
2016-06-19,14.891666666666666
2016-06-20,16.291666666666668
2016-06-21,18.462500000000002
2016-06-22,21.087500000000002
2016-06-23,24.25
2016-06-24,24.083333333333332
2016-06-25,19.354166666666668
2016-06-26,16.745833333333334
2016-06-27,15.679166666666667
2016-06-28,17.7375
2016-06-29,18.9875
2016-06-30,18.708333333333332
2016-07-01,20.370833333333334
2016-07-02,17.133333333333333
2016-07-03,15.450000000000001
2016-07-04,16.2
2016-07-05,18.629166666666666
2016-07-06,16.354166666666668
2016-07-07,18.166666666666668
2016-07-08,20.370833333333334
2016-07-09,20.166666666666668
2016-07-10,23.150000000000002
2016-07-11,22.870833333333334
2016-07-12,19.695833333333333
2016-07-13,16.833333333333332
2016-07-14,15.741666666666667
2016-07-15,15.637500000000001
2016-07-16,17.454166666666666
2016-07-17,20.516666666666666
2016-07-18,21.78333333333333
2016-07-19,23.59166666666667
2016-07-20,26.370833333333334
2016-07-21,22.433333333333334
2016-07-22,23.21666666666667
2016-07-23,21.241666666666667
2016-07-24,22.083333333333332
2016-07-25,22.833333333333332
2016-07-26,22.412499999999998
2016-07-27,21.2625
2016-07-28,20.675
2016-07-29,20.537499999999998
2016-07-30,21.820833333333336
2016-07-31,20.212500000000002
2016-08-01,18.349999999999998
2016-08-02,17.216666666666665
2016-08-03,18.975
2016-08-04,18.954166666666666
2016-08-05,17.683333333333334
2016-08-06,18.283333333333335
2016-08-07,20.170833333333334
2016-08-08,20.533333333333335
2016-08-09,17.4375
2016-08-10,14.666666666666666
2016-08-11,14.237499999999999
2016-08-12,17.291666666666668
2016-08-13,21.025000000000002
2016-08-14,20.375
2016-08-15,20.270833333333332
2016-08-16,19.833333333333332
2016-08-17,19.291666666666668
2016-08-18,19.345833333333335
2016-08-19,20.733333333333334
2016-08-20,19.045833333333334
2016-08-21,17.216666666666665
2016-08-22,17.383333333333333
2016-08-23,20.150000000000002
2016-08-24,22.9875
2016-08-25,23.816666666666666
2016-08-26,25.825
2016-08-27,27.087500000000002
2016-08-28,25.7625
2016-08-29,21.724999999999998
2016-08-30,20.104166666666668
2016-08-31,21.6375
2016-09-01,22.741666666666664
2016-09-02,21.40833333333333
2016-09-03,22.766666666666666
2016-09-04,19.3
2016-09-05,18.241666666666667
2016-09-06,18.829166666666666
2016-09-07,19.854166666666668
2016-09-08,21.974999999999998
2016-09-09,21.4875
2016-09-10,23.045833333333334
2016-09-11,22.6875
2016-09-12,24.0
2016-09-13,24.849999999999998
2016-09-14,24.579166666666666
2016-09-15,23.46666666666667
2016-09-16,19.5
2016-09-17,17.212500000000002
2016-09-18,17.179166666666667
2016-09-19,15.35
2016-09-20,15.0
2016-09-21,15.079166666666666
2016-09-22,15.420833333333334
2016-09-23,16.925
2016-09-24,16.658333333333335
2016-09-25,17.1375
2016-09-26,17.1875
2016-09-27,16.208333333333332
2016-09-28,16.854166666666668
2016-09-29,18.979166666666668
2016-09-30,16.195833333333333
2016-10-01,14.762500000000001
2016-10-02,13.441666666666668
2016-10-03,12.0875
2016-10-04,11.066666666666668
2016-10-05,9.8375
2016-10-06,9.391666666666667
2016-10-07,10.845833333333333
2016-10-08,9.0625
2016-10-09,8.379166666666666
2016-10-10,7.4750000000000005
2016-10-11,7.404166666666666
2016-10-12,8.679166666666667
2016-10-13,9.275
2016-10-14,10.674999999999999
2016-10-15,11.779166666666667
2016-10-16,10.625
2016-10-17,11.983333333333334
2016-10-18,11.116666666666667
2016-10-19,9.633333333333333
2016-10-20,7.304166666666667
2016-10-21,6.270833333333333
2016-10-22,7.466666666666666
2016-10-23,7.083333333333333
2016-10-24,10.470833333333333
2016-10-25,11.5
2016-10-26,10.262500000000001
2016-10-27,9.5875
2016-10-28,11.120833333333332
2016-10-29,11.137500000000001
2016-10-30,7.779166666666666
2016-10-31,7.920833333333333
2016-11-01,6.608333333333333
2016-11-02,7.6375
2016-11-03,6.229166666666667
2016-11-04,4.808333333333334
2016-11-05,6.554166666666667
2016-11-06,4.958333333333333
2016-11-07,3.5083333333333333
2016-11-08,2.058333333333333
2016-11-09,3.091666666666667
2016-11-10,4.541666666666667
2016-11-11,4.158333333333333
2016-11-12,0.9583333333333334
2016-11-13,1.3
2016-11-14,-0.5291666666666667
2016-11-15,2.6916666666666664
2016-11-16,8.370833333333334
2016-11-17,10.520833333333334
2016-11-18,9.862499999999999
2016-11-19,5.783333333333334
2016-11-20,8.9625
2016-11-21,9.391666666666667
2016-11-22,8.641666666666667
2016-11-23,7.5874999999999995
2016-11-24,7.995833333333334
2016-11-25,7.5
2016-11-26,6.808333333333334
2016-11-27,5.2625
2016-11-28,0.35833333333333334
2016-11-29,-1.9583333333333333
2016-11-30,-1.1125
2016-12-01,2.125
2016-12-02,4.120833333333334
2016-12-03,-2.1750000000000003
2016-12-04,-2.441666666666667
2016-12-05,-2.1166666666666667
2016-12-06,-1.8833333333333335
2016-12-07,-0.6583333333333333
2016-12-08,0.525
2016-12-09,2.6083333333333334
2016-12-10,2.5708333333333333
2016-12-11,6.154166666666666
2016-12-12,5.408333333333334
2016-12-13,3.079166666666667
2016-12-14,5.245833333333334
2016-12-15,5.3125
2016-12-16,2.0749999999999997
2016-12-17,1.0708333333333333
2016-12-18,2.4125
2016-12-19,2.7541666666666664
2016-12-20,0.029166666666666674
2016-12-21,-0.6625
2016-12-22,0.7458333333333335
2016-12-23,2.2916666666666665
2016-12-24,6.1375
2016-12-25,7.179166666666667
2016-12-26,7.233333333333333
2016-12-27,4.170833333333333
2016-12-28,3.595833333333333
2016-12-29,1.6958333333333335
2016-12-30,-1.1291666666666667
2016-12-31,-2.4291666666666667
2017-01-01,-2.4291666666666667
2017-01-02,-0.6916666666666668
2017-01-03,0.075
2017-01-04,2.7291666666666665
2017-01-05,-1.6791666666666665
2017-01-06,-6.045833333333333
2017-01-07,-5.516666666666667
2017-01-08,-1.5541666666666665
2017-01-09,-0.30416666666666664
2017-01-10,-0.5291666666666667
2017-01-11,1.325
2017-01-12,3.079166666666667
2017-01-13,1.675
2017-01-14,1.3708333333333333
2017-01-15,-0.5750000000000001
2017-01-16,-3.2916666666666665
2017-01-17,-2.7416666666666667
2017-01-18,-3.6791666666666667
2017-01-19,-3.5541666666666667
2017-01-20,-2.779166666666667
2017-01-21,-3.420833333333333
2017-01-22,-4.625
2017-01-23,-5.8125
2017-01-24,-2.8041666666666667
2017-01-25,-3.3958333333333335
2017-01-26,-2.158333333333333
2017-01-27,-2.3208333333333333
2017-01-28,-2.8958333333333335
2017-01-29,-0.2291666666666667
2017-01-30,2.2708333333333335
2017-01-31,2.4833333333333334
2017-02-01,2.5500000000000003
2017-02-02,3.8708333333333336
2017-02-03,5.004166666666666
2017-02-04,4.904166666666667
2017-02-05,4.495833333333334
2017-02-06,3.1458333333333335
2017-02-07,2.4375
2017-02-08,0.7958333333333334
2017-02-09,-0.5666666666666667
2017-02-10,0.04166666666666665
2017-02-11,1.6833333333333333
2017-02-12,1.6541666666666668
2017-02-13,2.158333333333333
2017-02-14,2.3416666666666663
2017-02-15,1.1458333333333333
2017-02-16,3.216666666666667
2017-02-17,4.6875
2017-02-18,4.645833333333333
2017-02-19,2.85
2017-02-20,6.758333333333333
2017-02-21,9.591666666666667
2017-02-22,9.979166666666666
2017-02-23,9.104166666666666
2017-02-24,4.829166666666667
2017-02-25,2.9625
2017-02-26,6.8
2017-02-27,10.025
2017-02-28,5.620833333333334
2017-03-01,5.954166666666667
2017-03-02,7.458333333333333
2017-03-03,6.0125
2017-03-04,7.741666666666667
2017-03-05,6.754166666666666
2017-03-06,5.354166666666667
2017-03-07,5.304166666666666
2017-03-08,5.2749999999999995
2017-03-09,8.612499999999999
2017-03-10,6.2250000000000005
2017-03-11,5.370833333333334
2017-03-12,5.875
2017-03-13,5.604166666666667
2017-03-14,7.533333333333334
2017-03-15,8.775
2017-03-16,8.6
2017-03-17,8.083333333333334
2017-03-18,8.616666666666667
2017-03-19,11.658333333333333
2017-03-20,10.841666666666667
2017-03-21,9.208333333333334
2017-03-22,6.604166666666667
2017-03-23,8.695833333333333
2017-03-24,8.625
2017-03-25,8.933333333333334
2017-03-26,8.641666666666667
2017-03-27,8.454166666666667
2017-03-28,11.1
2017-03-29,12.266666666666666
2017-03-30,12.791666666666666
2017-03-31,13.654166666666667
2017-04-01,12.549999999999999
2017-04-02,12.341666666666667
2017-04-03,12.4
2017-04-04,10.145833333333334
2017-04-05,10.029166666666667
2017-04-06,8.041666666666666
2017-04-07,9.141666666666667
2017-04-08,10.9625
2017-04-09,12.2875
2017-04-10,11.883333333333333
2017-04-11,9.304166666666667
2017-04-12,11.329166666666666
2017-04-13,10.870833333333332
2017-04-14,9.987499999999999
2017-04-15,9.633333333333333
2017-04-16,7.7
2017-04-17,5.820833333333333
2017-04-18,4.979166666666667
2017-04-19,3.408333333333333
2017-04-20,4.320833333333334
2017-04-21,8.8375
2017-04-22,8.870833333333334
2017-04-23,6.170833333333333
2017-04-24,7.795833333333333
2017-04-25,7.704166666666667
2017-04-26,7.316666666666666
2017-04-27,7.504166666666666
2017-04-28,7.675
2017-04-29,8.745833333333334
2017-04-30,11.104166666666666
2017-05-01,9.129166666666666
2017-05-02,8.654166666666667
2017-05-03,9.8125
2017-05-04,10.829166666666666
2017-05-05,10.9375
2017-05-06,13.791666666666666
2017-05-07,13.4
2017-05-08,10.591666666666667
2017-05-09,9.241666666666667
2017-05-10,10.045833333333333
2017-05-11,14.125
2017-05-12,15.058333333333332
2017-05-13,16.341666666666665
2017-05-14,15.204166666666666
2017-05-15,15.391666666666666
2017-05-16,16.966666666666665
2017-05-17,19.75
2017-05-18,19.341666666666665
2017-05-19,14.333333333333334
2017-05-20,12.491666666666667
2017-05-21,14.145833333333334
2017-05-22,16.729166666666668
2017-05-23,17.995833333333334
2017-05-24,15.487499999999999
2017-05-25,16.983333333333334
2017-05-26,18.558333333333334
2017-05-27,21.133333333333333
2017-05-28,23.05
2017-05-29,24.212500000000002
2017-05-30,22.77916666666667
2017-05-31,19.779166666666665
2017-06-01,20.054166666666667
2017-06-02,21.52916666666667
2017-06-03,21.662499999999998
2017-06-04,17.6125
2017-06-05,16.833333333333332
2017-06-06,15.112499999999999
2017-06-07,14.058333333333332
2017-06-08,17.016666666666666
2017-06-09,16.895833333333332
2017-06-10,17.416666666666668
2017-06-11,21.854166666666668
2017-06-12,20.1375
2017-06-13,17.904166666666665
2017-06-14,19.308333333333334
2017-06-15,21.979166666666668
2017-06-16,19.441666666666666
2017-06-17,17.595833333333335
2017-06-18,20.9375
2017-06-19,23.474999999999998
2017-06-20,25.879166666666666
2017-06-21,26.1875
2017-06-22,27.724999999999998
2017-06-23,22.508333333333336
2017-06-24,20.8875
2017-06-25,21.091666666666665
2017-06-26,22.474999999999998
2017-06-27,20.704166666666666
2017-06-28,20.7375
2017-06-29,18.045833333333334
2017-06-30,18.0625
2017-07-01,16.133333333333333
2017-07-02,17.004166666666666
2017-07-03,18.470833333333335
2017-07-04,20.233333333333334
2017-07-05,22.599999999999998
2017-07-06,24.695833333333336
2017-07-07,24.708333333333332
2017-07-08,24.599999999999998
2017-07-09,24.858333333333334
2017-07-10,21.1375
2017-07-11,20.5125
2017-07-12,17.808333333333334
2017-07-13,16.083333333333332
2017-07-14,17.733333333333334
2017-07-15,16.7375
2017-07-16,19.595833333333335
2017-07-17,21.075
2017-07-18,23.145833333333332
2017-07-19,25.695833333333336
2017-07-20,21.933333333333334
2017-07-21,22.8125
2017-07-22,21.958333333333332
2017-07-23,19.75
2017-07-24,16.05
2017-07-25,14.575000000000001
2017-07-26,17.3625
2017-07-27,18.454166666666666
2017-07-28,18.645833333333332
2017-07-29,21.608333333333334
2017-07-30,23.087500000000002
2017-07-31,22.358333333333334
2017-08-01,21.933333333333334
2017-08-02,22.6375
2017-08-03,22.491666666666664
2017-08-04,21.145833333333332
2017-08-05,20.529166666666665
2017-08-06,18.066666666666666
2017-08-07,19.175
2017-08-08,18.775000000000002
2017-08-09,18.679166666666667
2017-08-10,15.887500000000001
2017-08-11,15.245833333333332
2017-08-12,15.683333333333332
2017-08-13,18.587500000000002
2017-08-14,19.966666666666665
2017-08-15,20.8625
2017-08-16,20.358333333333334
2017-08-17,21.079166666666666
2017-08-18,19.6375
2017-08-19,16.966666666666665
2017-08-20,15.65
2017-08-21,16.220833333333335
2017-08-22,16.870833333333334
2017-08-23,19.5
2017-08-24,20.275
2017-08-25,20.724999999999998
2017-08-26,22.0625
2017-08-27,21.425
2017-08-28,20.816666666666666
2017-08-29,22.204166666666666
2017-08-30,22.829166666666666
2017-08-31,18.1875
2017-09-01,16.291666666666668
2017-09-02,14.229166666666666
2017-09-03,14.608333333333334
2017-09-04,15.620833333333332
2017-09-05,19.220833333333335
2017-09-06,18.354166666666668
2017-09-07,16.0125
2017-09-08,17.566666666666666
2017-09-09,16.441666666666666
2017-09-10,14.762500000000001
2017-09-11,14.641666666666666
2017-09-12,14.670833333333334
2017-09-13,15.304166666666667
2017-09-14,12.512500000000001
2017-09-15,11.4
2017-09-16,10.566666666666666
2017-09-17,10.512500000000001
2017-09-18,11.375
2017-09-19,11.520833333333334
2017-09-20,10.879166666666668
2017-09-21,11.733333333333334
2017-09-22,12.5875
2017-09-23,13.854166666666666
2017-09-24,13.700000000000001
2017-09-25,13.887500000000001
2017-09-26,13.583333333333334
2017-09-27,13.995833333333332
2017-09-28,15.420833333333334
2017-09-29,16.629166666666666
2017-09-30,15.429166666666667
2017-10-01,12.504166666666668
2017-10-02,14.158333333333333
2017-10-03,13.108333333333334
2017-10-04,11.995833333333332
2017-10-05,12.391666666666666
2017-10-06,10.191666666666666
2017-10-07,10.791666666666666
2017-10-08,12.6
2017-10-09,10.654166666666667
2017-10-10,12.737499999999999
2017-10-11,13.887500000000001
2017-10-12,14.254166666666668
2017-10-13,14.3125
2017-10-14,14.416666666666666
2017-10-15,12.741666666666667
2017-10-16,14.758333333333333
2017-10-17,13.754166666666668
2017-10-18,12.920833333333334
2017-10-19,13.2125
2017-10-20,11.995833333333332
2017-10-21,11.941666666666668
2017-10-22,9.85
2017-10-23,9.725
2017-10-24,12.612499999999999
2017-10-25,14.737499999999999
2017-10-26,12.316666666666668
2017-10-27,11.25
2017-10-28,9.975
2017-10-29,10.720833333333333
2017-10-30,7.170833333333333
2017-10-31,6.0125
2017-11-01,8.575000000000001
2017-11-02,9.508333333333333
2017-11-03,7.3625
2017-11-04,9.158333333333333
2017-11-05,8.700000000000001
2017-11-06,5.179166666666666
2017-11-07,6.708333333333333
2017-11-08,7.545833333333333
2017-11-09,7.320833333333333
2017-11-10,6.104166666666667
2017-11-11,5.708333333333333
2017-11-12,3.975
2017-11-13,4.795833333333333
2017-11-14,3.391666666666667
2017-11-15,3.095833333333333
2017-11-16,2.4
2017-11-17,3.85
2017-11-18,4.520833333333333
2017-11-19,5.441666666666666
2017-11-20,4.295833333333333
2017-11-21,8.112499999999999
2017-11-22,7.9375
2017-11-23,9.887500000000001
2017-11-24,10.725
2017-11-25,5.8
2017-11-26,2.0166666666666666
2017-11-27,3.3666666666666667
2017-11-28,4.2
2017-11-29,2.4625
2017-11-30,1.0208333333333333
2017-12-01,-0.3625
2017-12-02,-0.7625000000000001
2017-12-03,-0.5958333333333333
2017-12-04,3.6875
2017-12-05,4.0375000000000005
2017-12-06,4.533333333333333
2017-12-07,3.704166666666667
2017-12-08,3.1791666666666667
2017-12-09,0.1625
2017-12-10,1.55
2017-12-11,6.408333333333334
2017-12-12,2.5166666666666666
2017-12-13,2.033333333333333
2017-12-14,4.1000000000000005
2017-12-15,1.9791666666666667
2017-12-16,1.6166666666666665
2017-12-17,1.6791666666666665
2017-12-18,1.0875000000000001
2017-12-19,1.8791666666666667
2017-12-20,3.375
2017-12-21,6.016666666666667
2017-12-22,6.870833333333334
2017-12-23,7.8500000000000005
2017-12-24,7.783333333333334
2017-12-25,5.683333333333334
2017-12-26,4.4875
2017-12-27,4.070833333333334
2017-12-28,2.3
2017-12-29,0.3416666666666666
2017-12-30,6.404166666666666
2017-12-31,11.208333333333334
2018-01-01,7.175
2018-01-02,5.391666666666667
2018-01-03,7.816666666666666
2018-01-04,7.6375
2018-01-05,8.25
2018-01-06,7.104166666666667
2018-01-07,5.145833333333333
2018-01-08,5.3999999999999995
2018-01-09,5.029166666666667
2018-01-10,6.454166666666667
2018-01-11,5.083333333333333
2018-01-12,4.804166666666666
2018-01-13,3.6625
2018-01-14,2.1125000000000003
2018-01-15,2.8541666666666665
2018-01-16,5.8875
2018-01-17,2.829166666666667
2018-01-18,5.133333333333334
2018-01-19,2.566666666666667
2018-01-20,1.6666666666666667
2018-01-21,2.3333333333333335
2018-01-22,3.0666666666666664
2018-01-23,6.1625000000000005
2018-01-24,9.283333333333333
2018-01-25,9.108333333333333
2018-01-26,6.708333333333333
2018-01-27,4.920833333333333
2018-01-28,6.625
2018-01-29,8.745833333333334
2018-01-30,5.320833333333334
2018-01-31,7.483333333333333
2018-02-01,3.0625
2018-02-02,1.2750000000000001
2018-02-03,1.0166666666666666
2018-02-04,-0.033333333333333326
2018-02-05,-0.3
2018-02-06,-1.2083333333333333
2018-02-07,-0.35000000000000003
2018-02-08,-1.2874999999999999
2018-02-09,-0.7333333333333334
2018-02-10,1.4083333333333332
2018-02-11,2.0625
2018-02-12,0.2583333333333333
2018-02-13,-0.775
2018-02-14,-0.8875000000000001
2018-02-15,1.4625000000000001
2018-02-16,2.5541666666666667
2018-02-17,0.5416666666666666
2018-02-18,-0.06666666666666668
2018-02-19,-0.2708333333333333
2018-02-20,-0.10416666666666669
2018-02-21,-0.01666666666666668
2018-02-22,-0.4416666666666667
2018-02-23,-1.7750000000000001
2018-02-24,-2.0500000000000003
2018-02-25,-4.0249999999999995
2018-02-26,-5.120833333333334
2018-02-27,-5.966666666666666
2018-02-28,-6.229166666666667
2018-03-01,-3.8208333333333333
2018-03-02,-2.3249999999999997
2018-03-03,-0.3208333333333333
2018-03-04,5.2250000000000005
2018-03-05,5.5249999999999995
2018-03-06,3.3166666666666664
2018-03-07,5.341666666666666
2018-03-08,5.829166666666667
2018-03-09,5.141666666666667
2018-03-10,9.708333333333334
2018-03-11,10.075000000000001
2018-03-12,9.758333333333333
2018-03-13,7.108333333333333
2018-03-14,5.904166666666666
2018-03-15,6.375
2018-03-16,6.745833333333334
2018-03-17,-0.5708333333333333
2018-03-18,-2.0083333333333333
2018-03-19,-1.3416666666666668
2018-03-20,-0.65
2018-03-21,0.7291666666666666
2018-03-22,1.6708333333333334
2018-03-23,4.75
2018-03-24,5.4750000000000005
2018-03-25,5.6000000000000005
2018-03-26,6.533333333333334
2018-03-27,5.529166666666666
2018-03-28,8.016666666666667
2018-03-29,6.083333333333333
2018-03-30,7.5375000000000005
2018-03-31,8.225
2018-04-01,6.529166666666666
2018-04-02,7.9624999999999995
2018-04-03,12.341666666666667
2018-04-04,11.170833333333334
2018-04-05,8.1625
2018-04-06,6.8625
2018-04-07,11.129166666666668
2018-04-08,13.325000000000001
2018-04-09,14.183333333333335
2018-04-10,13.791666666666666
2018-04-11,11.529166666666667
2018-04-12,14.116666666666667
2018-04-13,11.216666666666667
2018-04-14,12.4375
2018-04-15,13.916666666666666
2018-04-16,14.870833333333332
2018-04-17,15.208333333333334
2018-04-18,15.6
2018-04-19,17.070833333333333
2018-04-20,17.233333333333334
2018-04-21,18.379166666666666
2018-04-22,18.858333333333334
2018-04-23,16.3625
2018-04-24,14.016666666666666
2018-04-25,14.129166666666668
2018-04-26,10.808333333333332
2018-04-27,12.416666666666666
2018-04-28,13.441666666666668
2018-04-29,16.416666666666668
2018-04-30,14.141666666666666
2018-05-01,9.362499999999999
2018-05-02,11.141666666666666
2018-05-03,13.508333333333333
2018-05-04,14.375
2018-05-05,15.862499999999999
2018-05-06,16.95
2018-05-07,17.729166666666668
2018-05-08,18.720833333333335
2018-05-09,19.075
2018-05-10,15.4125
2018-05-11,15.15
2018-05-12,17.895833333333332
2018-05-13,17.754166666666666
2018-05-14,18.633333333333333
2018-05-15,17.037499999999998
2018-05-16,15.225
2018-05-17,14.633333333333333
2018-05-18,12.6
2018-05-19,14.137500000000001
2018-05-20,16.5625
2018-05-21,18.370833333333334
2018-05-22,18.1375
2018-05-23,18.429166666666667
2018-05-24,17.7375
2018-05-25,18.654166666666665
2018-05-26,20.595833333333335
2018-05-27,20.6875
2018-05-28,22.9875
2018-05-29,21.554166666666664
2018-05-30,22.120833333333334
2018-05-31,21.958333333333332
2018-06-01,19.383333333333333
2018-06-02,19.20416666666667
2018-06-03,20.758333333333333
2018-06-04,22.45
2018-06-05,22.0
2018-06-06,22.875
2018-06-07,22.383333333333336
2018-06-08,22.037499999999998
2018-06-09,23.304166666666664
2018-06-10,22.141666666666666
2018-06-11,20.412499999999998
2018-06-12,16.733333333333334
2018-06-13,15.808333333333332
2018-06-14,16.854166666666668
2018-06-15,17.816666666666666
2018-06-16,20.3
2018-06-17,18.429166666666667
2018-06-18,18.541666666666668
2018-06-19,20.316666666666666
2018-06-20,22.454166666666666
2018-06-21,19.0125
2018-06-22,13.645833333333334
2018-06-23,14.116666666666667
2018-06-24,16.141666666666666
2018-06-25,17.6875
2018-06-26,19.308333333333334
2018-06-27,20.379166666666666
2018-06-28,21.7375
2018-06-29,25.0625
2018-06-30,23.525000000000002
2018-07-01,21.016666666666666
2018-07-02,21.420833333333334
2018-07-03,23.162499999999998
2018-07-04,24.016666666666666
2018-07-05,21.620833333333334
2018-07-06,22.099999999999998
2018-07-07,22.070833333333336
2018-07-08,21.9375
2018-07-09,21.879166666666666
2018-07-10,18.441666666666666
2018-07-11,17.004166666666666
2018-07-12,19.829166666666666
2018-07-13,21.474999999999998
2018-07-14,23.145833333333332
2018-07-15,24.03333333333333
2018-07-16,23.729166666666668
2018-07-17,25.0625
2018-07-18,23.670833333333334
2018-07-19,23.375
2018-07-20,24.758333333333336
2018-07-21,21.879166666666666
2018-07-22,21.041666666666668
2018-07-23,23.52916666666667
2018-07-24,25.662499999999998
2018-07-25,27.3625
2018-07-26,28.28333333333333
2018-07-27,27.787499999999998
2018-07-28,25.925
2018-07-29,25.083333333333332
2018-07-30,27.7625
2018-07-31,28.441666666666666
2018-08-01,26.479166666666668
2018-08-02,26.97083333333333
2018-08-03,29.170833333333334
2018-08-04,29.78333333333333
2018-08-05,26.150000000000002
2018-08-06,26.90833333333333
2018-08-07,28.65833333333333
2018-08-08,26.491666666666664
2018-08-09,24.383333333333336
2018-08-10,19.916666666666668
2018-08-11,19.541666666666668
2018-08-12,20.804166666666667
2018-08-13,19.791666666666668
2018-08-14,20.541666666666668
2018-08-15,20.400000000000002
2018-08-16,22.504166666666666
2018-08-17,23.329166666666666
2018-08-18,22.21666666666667
2018-08-19,23.2375
2018-08-20,22.791666666666668
2018-08-21,24.1875
2018-08-22,26.070833333333336
2018-08-23,25.245833333333334
2018-08-24,20.108333333333334
2018-08-25,16.3
2018-08-26,15.466666666666667
2018-08-27,18.120833333333334
2018-08-28,18.520833333333332
2018-08-29,20.941666666666666
2018-08-30,17.974999999999998
2018-08-31,17.195833333333333
2018-09-01,17.008333333333333
2018-09-02,16.966666666666665
2018-09-03,18.079166666666666
2018-09-04,20.270833333333332
2018-09-05,21.7375
2018-09-06,20.316666666666666
2018-09-07,17.425
2018-09-08,16.145833333333332
2018-09-09,18.75
2018-09-10,19.816666666666666
2018-09-11,20.004166666666666
2018-09-12,21.7375
2018-09-13,18.175
2018-09-14,18.029166666666665
2018-09-15,16.991666666666667
2018-09-16,16.883333333333333
2018-09-17,18.833333333333332
2018-09-18,21.616666666666664
2018-09-19,22.712500000000002
2018-09-20,22.129166666666666
2018-09-21,17.929166666666667
2018-09-22,13.995833333333332
2018-09-23,14.145833333333334
2018-09-24,10.950000000000001
2018-09-25,9.566666666666666
2018-09-26,9.929166666666667
2018-09-27,13.75
2018-09-28,12.85
2018-09-29,10.520833333333334
2018-09-30,10.766666666666666
2018-10-01,10.362499999999999
2018-10-02,8.558333333333334
2018-10-03,12.637500000000001
2018-10-04,10.958333333333334
2018-10-05,14.020833333333334
2018-10-06,15.758333333333333
2018-10-07,13.9
2018-10-08,13.266666666666666
2018-10-09,13.9
2018-10-10,15.470833333333333
2018-10-11,16.366666666666667
2018-10-12,17.916666666666668
2018-10-13,17.974999999999998
2018-10-14,16.545833333333334
2018-10-15,15.758333333333333
2018-10-16,15.975
2018-10-17,15.612499999999999
2018-10-18,14.983333333333334
2018-10-19,14.270833333333334
2018-10-20,12.529166666666667
2018-10-21,9.704166666666667
2018-10-22,9.116666666666667
2018-10-23,9.083333333333334
2018-10-24,13.416666666666666
2018-10-25,11.924999999999999
2018-10-26,10.15
2018-10-27,7.604166666666667
2018-10-28,6.0249999999999995
2018-10-29,6.191666666666666
2018-10-30,5.8875
2018-10-31,7.8125
2018-11-01,6.566666666666666
2018-11-02,9.279166666666667
2018-11-03,8.066666666666666
2018-11-04,9.645833333333334
2018-11-05,10.345833333333333
2018-11-06,9.725
2018-11-07,10.516666666666667
2018-11-08,10.604166666666666
2018-11-09,10.304166666666667
2018-11-10,10.683333333333332
2018-11-11,12.691666666666668
2018-11-12,13.383333333333333
2018-11-13,10.783333333333333
2018-11-14,6.195833333333333
2018-11-15,5.245833333333334
2018-11-16,4.729166666666667
2018-11-17,5.004166666666666
2018-11-18,2.970833333333333
2018-11-19,3.6041666666666665
2018-11-20,3.6166666666666667
2018-11-21,2.1333333333333333
2018-11-22,2.5791666666666666
2018-11-23,1.7833333333333332
2018-11-24,4.258333333333334
2018-11-25,5.5375000000000005
2018-11-26,5.554166666666667
2018-11-27,3.4250000000000003
2018-11-28,3.9166666666666665
2018-11-29,4.175
2018-11-30,5.1625000000000005
2018-12-01,6.991666666666667
2018-12-02,9.533333333333333
2018-12-03,11.4375
2018-12-04,6.2250000000000005
2018-12-05,3.3000000000000003
2018-12-06,8.195833333333333
2018-12-07,10.195833333333333
2018-12-08,6.95
2018-12-09,7.558333333333334
2018-12-10,4.704166666666667
2018-12-11,2.8874999999999997
2018-12-12,1.7833333333333332
2018-12-13,0.3541666666666667
2018-12-14,-0.3333333333333333
2018-12-15,-0.5291666666666667
2018-12-16,-0.7875
2018-12-17,2.654166666666667
2018-12-18,3.5083333333333333
2018-12-19,3.7458333333333336
2018-12-20,5.829166666666667
2018-12-21,9.008333333333333
2018-12-22,9.541666666666666
2018-12-23,7.8500000000000005
2018-12-24,4.9125000000000005
2018-12-25,0.6625
2018-12-26,-1.9749999999999999
2018-12-27,-1.4291666666666665
2018-12-28,-1.825
2018-12-29,1.0333333333333334
2018-12-30,6.058333333333334
2018-12-31,6.179166666666667
2019-01-01,5.766666666666667
2019-01-02,2.566666666666667
2019-01-03,0.27499999999999997
2019-01-04,1.425
2019-01-05,5.375
2019-01-06,5.4875
2019-01-07,4.466666666666667
2019-01-08,5.458333333333333
2019-01-09,3.0208333333333335
2019-01-10,0.8708333333333332
2019-01-11,1.3833333333333335
2019-01-12,5.0375000000000005
2019-01-13,7.1375
2019-01-14,4.566666666666666
2019-01-15,3.8375
2019-01-16,4.466666666666667
2019-01-17,4.579166666666667
2019-01-18,0.6458333333333334
2019-01-19,-2.2375000000000003
2019-01-20,-3.8000000000000003
2019-01-21,-4.2749999999999995
2019-01-22,-5.008333333333334
2019-01-23,-2.8333333333333335
2019-01-24,-3.095833333333333
2019-01-25,-1.2375
2019-01-26,3.5583333333333336
2019-01-27,5.104166666666667
2019-01-28,2.1
2019-01-29,0.15416666666666665
2019-01-30,0.33749999999999997
2019-01-31,-0.4166666666666667
2019-02-01,2.920833333333333
2019-02-02,3.1999999999999997
2019-02-03,2.1166666666666667
2019-02-04,0.09999999999999998
2019-02-05,1.508333333333333
2019-02-06,-0.0583333333333333
2019-02-07,1.3499999999999999
2019-02-08,4.7375
2019-02-09,7.4125000000000005
2019-02-10,6.95
2019-02-11,4.304166666666666
2019-02-12,3.1750000000000003
2019-02-13,2.3208333333333333
2019-02-14,1.4166666666666667
2019-02-15,3.154166666666667
2019-02-16,4.3
2019-02-17,4.158333333333333
2019-02-18,3.2708333333333335
2019-02-19,4.258333333333334
2019-02-20,3.375
2019-02-21,5.270833333333333
2019-02-22,8.170833333333333
2019-02-23,3.579166666666667
2019-02-24,2.7125
2019-02-25,4.3625
2019-02-26,6.041666666666667
2019-02-27,6.4375
2019-02-28,8.804166666666667
2019-03-01,8.095833333333333
2019-03-02,7.554166666666667
2019-03-03,10.0
2019-03-04,8.6
2019-03-05,5.445833333333333
2019-03-06,8.958333333333334
2019-03-07,9.700000000000001
2019-03-08,7.4375
2019-03-09,9.6
2019-03-10,9.441666666666666
2019-03-11,4.920833333333333
2019-03-12,6.1625000000000005
2019-03-13,5.991666666666667
2019-03-14,5.570833333333333
2019-03-15,8.845833333333333
2019-03-16,10.25
2019-03-17,7.641666666666667
2019-03-18,4.1000000000000005
2019-03-19,3.845833333333333
2019-03-20,4.804166666666666
2019-03-21,6.55
2019-03-22,9.245833333333334
2019-03-23,9.7875
2019-03-24,8.633333333333333
2019-03-25,5.429166666666667
2019-03-26,5.8625
2019-03-27,7.004166666666666
2019-03-28,8.204166666666667
2019-03-29,9.7875
2019-03-30,10.508333333333333
2019-03-31,10.529166666666667
2019-04-01,9.945833333333333
2019-04-02,12.262500000000001
2019-04-03,9.200000000000001
2019-04-04,5.391666666666667
2019-04-05,6.708333333333333
2019-04-06,10.320833333333333
2019-04-07,12.549999999999999
2019-04-08,11.845833333333333
2019-04-09,11.429166666666667
2019-04-10,9.433333333333334
2019-04-11,6.391666666666667
2019-04-12,4.1499999999999995
2019-04-13,4.2749999999999995
2019-04-14,5.762499999999999
2019-04-15,9.6125
2019-04-16,11.416666666666666
2019-04-17,12.725
2019-04-18,14.529166666666667
2019-04-19,15.804166666666667
2019-04-20,16.654166666666665
2019-04-21,16.412499999999998
2019-04-22,16.8
2019-04-23,16.745833333333334
2019-04-24,16.6875
2019-04-25,15.725
2019-04-26,10.516666666666667
2019-04-27,9.512500000000001
2019-04-28,8.4125
2019-04-29,9.179166666666667
2019-04-30,12.741666666666667
2019-05-01,14.308333333333332
2019-05-02,13.6875
2019-05-03,11.154166666666667
2019-05-04,6.425
2019-05-05,6.929166666666667
2019-05-06,7.879166666666666
2019-05-07,9.045833333333333
2019-05-08,9.75
2019-05-09,10.458333333333334
2019-05-10,12.695833333333333
2019-05-11,10.15
2019-05-12,9.5375
2019-05-13,10.266666666666667
2019-05-14,9.891666666666667
2019-05-15,9.700000000000001
2019-05-16,10.816666666666668
2019-05-17,12.804166666666667
2019-05-18,15.6875
2019-05-19,16.208333333333332
2019-05-20,15.612499999999999
2019-05-21,13.4
2019-05-22,13.191666666666668
2019-05-23,15.104166666666666
2019-05-24,17.004166666666666
2019-05-25,16.995833333333334
2019-05-26,17.041666666666668
2019-05-27,15.6
2019-05-28,13.841666666666667
2019-05-29,13.299999999999999
2019-05-30,16.216666666666665
2019-05-31,19.349999999999998
2019-06-01,21.554166666666664
2019-06-02,23.916666666666668
2019-06-03,22.925
2019-06-04,24.329166666666666
2019-06-05,25.870833333333334
2019-06-06,16.704166666666666
2019-06-07,17.533333333333335
2019-06-08,16.75
2019-06-09,18.8125
2019-06-10,19.508333333333333
2019-06-11,18.495833333333334
2019-06-12,16.920833333333334
2019-06-13,18.295833333333334
2019-06-14,20.175
2019-06-15,20.758333333333333
2019-06-16,18.404166666666665
2019-06-17,20.537499999999998
2019-06-18,23.5
2019-06-19,24.791666666666668
2019-06-20,20.779166666666665
2019-06-21,20.620833333333334
2019-06-22,21.420833333333334
2019-06-23,23.90833333333333
2019-06-24,26.0
2019-06-25,28.641666666666666
2019-06-26,30.8625
2019-06-27,25.920833333333334
2019-06-28,22.833333333333332
2019-06-29,25.1125
2019-06-30,29.145833333333332
2019-07-01,24.766666666666666
2019-07-02,21.412499999999998
2019-07-03,20.304166666666667
2019-07-04,20.3625
2019-07-05,22.916666666666668
2019-07-06,24.587500000000002
2019-07-07,18.820833333333333
2019-07-08,16.608333333333334
2019-07-09,16.4375
2019-07-10,18.983333333333334
2019-07-11,17.55
2019-07-12,18.858333333333334
2019-07-13,18.3625
2019-07-14,17.462500000000002
2019-07-15,17.775000000000002
2019-07-16,18.395833333333332
2019-07-17,19.758333333333333
2019-07-18,21.45
2019-07-19,21.158333333333335
2019-07-20,24.066666666666666
2019-07-21,22.8875
2019-07-22,23.558333333333334
2019-07-23,26.450000000000003
2019-07-24,29.099999999999998
2019-07-25,30.933333333333334
2019-07-26,31.11666666666667
2019-07-27,24.15833333333333
2019-07-28,21.158333333333335
2019-07-29,22.27916666666667
2019-07-30,23.9375
2019-07-31,22.041666666666668
2019-08-01,21.516666666666666
2019-08-02,21.016666666666666
2019-08-03,20.254166666666666
2019-08-04,21.45
2019-08-05,23.425
2019-08-06,21.995833333333334
2019-08-07,19.212500000000002
2019-08-08,20.620833333333334
2019-08-09,22.71666666666667
2019-08-10,21.849999999999998
2019-08-11,19.541666666666668
2019-08-12,17.6125
2019-08-13,16.599999999999998
2019-08-14,16.55
2019-08-15,18.0625
2019-08-16,18.470833333333335
2019-08-17,18.441666666666666
2019-08-18,21.545833333333334
2019-08-19,19.645833333333332
2019-08-20,17.395833333333332
2019-08-21,17.5
2019-08-22,18.599999999999998
2019-08-23,20.183333333333334
2019-08-24,22.295833333333334
2019-08-25,24.95
2019-08-26,25.416666666666668
2019-08-27,25.4875
2019-08-28,26.016666666666666
2019-08-29,24.379166666666666
2019-08-30,23.775000000000002
2019-08-31,25.02916666666667
2019-09-01,20.495833333333334
2019-09-02,17.3875
2019-09-03,17.954166666666666
2019-09-04,19.470833333333335
2019-09-05,16.866666666666667
2019-09-06,15.225
2019-09-07,13.299999999999999
2019-09-08,13.4
2019-09-09,13.579166666666666
2019-09-10,13.775
2019-09-11,15.25
2019-09-12,18.466666666666665
2019-09-13,18.241666666666667
2019-09-14,17.537499999999998
2019-09-15,17.837500000000002
2019-09-16,16.366666666666667
2019-09-17,15.554166666666667
2019-09-18,13.0375
2019-09-19,12.195833333333333
2019-09-20,12.108333333333334
2019-09-21,14.729166666666666
2019-09-22,17.025000000000002
2019-09-23,16.0125
2019-09-24,14.9625
2019-09-25,15.233333333333334
2019-09-26,15.541666666666666
2019-09-27,15.2125
2019-09-28,15.145833333333334
2019-09-29,16.254166666666666
2019-09-30,15.166666666666666
2019-10-01,15.637500000000001
2019-10-02,12.370833333333332
2019-10-03,10.229166666666666
2019-10-04,10.233333333333333
2019-10-05,11.145833333333334
2019-10-06,8.479166666666666
2019-10-07,10.4
2019-10-08,12.341666666666667
2019-10-09,11.691666666666668
2019-10-10,11.791666666666666
2019-10-11,12.866666666666667
2019-10-12,15.816666666666668
2019-10-13,18.258333333333333
2019-10-14,17.308333333333334
2019-10-15,15.545833333333334
2019-10-16,12.779166666666667
2019-10-17,14.5
2019-10-18,13.25
2019-10-19,13.258333333333333
2019-10-20,14.616666666666667
2019-10-21,14.341666666666667
2019-10-22,12.329166666666666
2019-10-23,12.616666666666667
2019-10-24,13.695833333333333
2019-10-25,13.366666666666667
2019-10-26,12.695833333333333
2019-10-27,11.316666666666668
2019-10-28,5.883333333333333
2019-10-29,6.9624999999999995
2019-10-30,5.3125
2019-10-31,3.908333333333333
2019-11-01,6.466666666666666
2019-11-02,13.179166666666667
2019-11-03,12.266666666666666
2019-11-04,10.2875
2019-11-05,8.504166666666666
2019-11-06,7.954166666666667
2019-11-07,7.870833333333334
2019-11-08,6.358333333333333
2019-11-09,5.375
2019-11-10,2.3583333333333334
2019-11-11,2.4291666666666667
2019-11-12,5.004166666666666
2019-11-13,4.183333333333334
2019-11-14,4.666666666666667
2019-11-15,4.3374999999999995
2019-11-16,3.2375000000000003
2019-11-17,4.054166666666666
2019-11-18,4.616666666666666
2019-11-19,4.316666666666666
2019-11-20,2.1125000000000003
2019-11-21,2.4916666666666667
2019-11-22,2.1666666666666665
2019-11-23,5.783333333333334
2019-11-24,4.804166666666666
2019-11-25,4.641666666666667
2019-11-26,7.591666666666666
2019-11-27,9.1
2019-11-28,9.570833333333333
2019-11-29,6.008333333333333
2019-11-30,1.4000000000000001
2019-12-01,1.3499999999999999
2019-12-02,1.804166666666667
2019-12-03,2.3833333333333333
2019-12-04,0.5666666666666667
2019-12-05,-1.2708333333333333
2019-12-06,1.6624999999999999
2019-12-07,7.254166666666666
2019-12-08,8.783333333333333
2019-12-09,6.5
2019-12-10,2.3375
2019-12-11,2.1958333333333333
2019-12-12,2.8541666666666665
2019-12-13,3.079166666666667
2019-12-14,6.2124999999999995
2019-12-15,8.1625
2019-12-16,8.304166666666667
2019-12-17,8.345833333333333
2019-12-18,8.254166666666666
2019-12-19,5.233333333333333
2019-12-20,5.216666666666667
2019-12-21,5.370833333333334
2019-12-22,6.770833333333333
2019-12-23,6.658333333333334
2019-12-24,6.654166666666666
2019-12-25,6.316666666666666
2019-12-26,3.483333333333333
2019-12-27,3.904166666666667
2019-12-28,0.08333333333333336
2019-12-29,-2.1041666666666665
2019-12-30,-1.8416666666666668
2019-12-31,-1.4083333333333332
2020-01-01,-1.5
2020-01-02,-0.27499999999999997
2020-01-03,4.866666666666666
2020-01-04,5.0249999999999995
2020-01-05,4.9750000000000005
2020-01-06,1.4000000000000001
2020-01-07,3.7125
2020-01-08,5.495833333333334
2020-01-09,8.720833333333333
2020-01-10,8.066666666666666
2020-01-11,2.5541666666666667
2020-01-12,2.9458333333333333
2020-01-13,5.075
2020-01-14,7.945833333333333
2020-01-15,8.966666666666667
2020-01-16,7.575
2020-01-17,5.483333333333333
2020-01-18,2.841666666666667
2020-01-19,1.6833333333333333
2020-01-20,1.7083333333333333
2020-01-21,-1.6875
2020-01-22,-2.4791666666666665
2020-01-23,-0.18333333333333335
2020-01-24,-0.7833333333333333
2020-01-25,-0.9416666666666665
2020-01-26,1.3208333333333333
2020-01-27,4.75
2020-01-28,5.029166666666667
2020-01-29,3.341666666666667
2020-01-30,6.833333333333333
2020-01-31,11.529166666666667
2020-02-01,10.908333333333333
2020-02-02,9.35
2020-02-03,9.950000000000001
2020-02-04,4.958333333333333
2020-02-05,3.0875
2020-02-06,0.3583333333333332
2020-02-07,0.4749999999999999
2020-02-08,0.5708333333333334
2020-02-09,8.112499999999999
2020-02-10,8.358333333333333
2020-02-11,5.175
2020-02-12,3.841666666666667
2020-02-13,3.6916666666666664
2020-02-14,5.708333333333333
2020-02-15,6.466666666666666
2020-02-16,12.6
2020-02-17,8.3125
2020-02-18,6.479166666666667
2020-02-19,5.629166666666666
2020-02-20,7.320833333333333
2020-02-21,5.179166666666666
2020-02-22,7.295833333333333
2020-02-23,10.083333333333334
2020-02-24,7.454166666666667
2020-02-25,7.995833333333334
2020-02-26,3.5375
2020-02-27,1.9333333333333333
2020-02-28,4.0249999999999995
2020-02-29,8.304166666666667
2020-03-01,7.4624999999999995
2020-03-02,6.604166666666667
2020-03-03,4.754166666666666
2020-03-04,3.9375
2020-03-05,5.633333333333333
2020-03-06,5.958333333333333
2020-03-07,5.4125000000000005
2020-03-08,7.566666666666666
2020-03-09,7.179166666666667
2020-03-10,8.033333333333333
2020-03-11,13.025
2020-03-12,10.554166666666667
2020-03-13,6.716666666666666
2020-03-14,4.708333333333333
2020-03-15,7.879166666666666
2020-03-16,9.954166666666667
2020-03-17,10.3
2020-03-18,9.683333333333334
2020-03-19,10.875
2020-03-20,11.045833333333334
2020-03-21,5.404166666666666
2020-03-22,3.3625000000000003
2020-03-23,1.8833333333333335
2020-03-24,2.283333333333333
2020-03-25,3.295833333333333
2020-03-26,5.3374999999999995
2020-03-27,9.404166666666667
2020-03-28,10.416666666666666
2020-03-29,4.654166666666667
2020-03-30,2.370833333333333
2020-03-31,3.6833333333333336
2020-04-01,2.9499999999999997
2020-04-02,5.070833333333334
2020-04-03,7.075
2020-04-04,7.4125000000000005
2020-04-05,10.116666666666667
2020-04-06,11.825000000000001
2020-04-07,14.100000000000001
2020-04-08,15.191666666666668
2020-04-09,15.325000000000001
2020-04-10,15.1875
2020-04-11,13.479166666666666
2020-04-12,14.754166666666665
2020-04-13,9.645833333333334
2020-04-14,5.916666666666667
2020-04-15,8.616666666666667
2020-04-16,13.808333333333332
2020-04-17,16.145833333333332
2020-04-18,16.504166666666666
2020-04-19,14.075000000000001
2020-04-20,13.420833333333334
2020-04-21,14.700000000000001
2020-04-22,15.633333333333333
2020-04-23,15.775
2020-04-24,16.183333333333334
2020-04-25,12.366666666666667
2020-04-26,13.245833333333332
2020-04-27,15.15
2020-04-28,14.25
2020-04-29,14.595833333333333
2020-04-30,12.4
2020-05-01,11.079166666666666
2020-05-02,9.987499999999999
2020-05-03,11.887500000000001
2020-05-04,11.991666666666667
2020-05-05,10.404166666666667
2020-05-06,10.904166666666667
2020-05-07,13.799999999999999
2020-05-08,17.287499999999998
2020-05-09,14.783333333333333
2020-05-10,16.683333333333334
2020-05-11,7.25
2020-05-12,8.333333333333334
2020-05-13,10.683333333333332
2020-05-14,10.762500000000001
2020-05-15,12.304166666666667
2020-05-16,13.158333333333333
2020-05-17,14.583333333333334
2020-05-18,17.099999999999998
2020-05-19,19.25
2020-05-20,19.395833333333332
2020-05-21,19.287499999999998
2020-05-22,20.4875
2020-05-23,14.720833333333333
2020-05-24,13.783333333333333
2020-05-25,15.737499999999999
2020-05-26,14.866666666666667
2020-05-27,17.504166666666666
2020-05-28,17.379166666666666
2020-05-29,16.75
2020-05-30,16.733333333333334
2020-05-31,16.337500000000002
2020-06-01,19.745833333333334
2020-06-02,21.508333333333336
2020-06-03,21.170833333333334
2020-06-04,15.879166666666668
2020-06-05,12.424999999999999
2020-06-06,13.275
2020-06-07,14.929166666666667
2020-06-08,15.512500000000001
2020-06-09,15.783333333333333
2020-06-10,15.9125
2020-06-11,15.862499999999999
2020-06-12,20.900000000000002
2020-06-13,21.150000000000002
2020-06-14,18.758333333333333
2020-06-15,17.929166666666667
2020-06-16,17.179166666666667
2020-06-17,18.470833333333335
2020-06-18,17.695833333333333
2020-06-19,18.208333333333332
2020-06-20,18.537499999999998
2020-06-21,19.7375
2020-06-22,19.891666666666666
2020-06-23,20.804166666666667
2020-06-24,21.6875
2020-06-25,21.3875
2020-06-26,23.395833333333332
2020-06-27,23.616666666666664
2020-06-28,20.095833333333335
2020-06-29,17.9125
2020-06-30,18.1875
2020-07-01,21.912499999999998
2020-07-02,20.575
2020-07-03,19.058333333333334
2020-07-04,20.929166666666667
2020-07-05,23.4375
2020-07-06,17.916666666666668
2020-07-07,17.1875
2020-07-08,15.854166666666666
2020-07-09,21.691666666666666
2020-07-10,20.1875
2020-07-11,18.0
2020-07-12,18.583333333333332
2020-07-13,20.679166666666667
2020-07-14,21.154166666666665
2020-07-15,18.537499999999998
2020-07-16,16.433333333333334
2020-07-17,18.974999999999998
2020-07-18,20.9875
2020-07-19,22.662499999999998
2020-07-20,21.441666666666666
2020-07-21,20.429166666666667
2020-07-22,20.537499999999998
2020-07-23,21.670833333333334
2020-07-24,22.983333333333334
2020-07-25,23.104166666666668
2020-07-26,21.7375
2020-07-27,22.679166666666664
2020-07-28,22.920833333333334
2020-07-29,20.712500000000002
2020-07-30,22.95
2020-07-31,26.34583333333333
2020-08-01,26.287499999999998
2020-08-02,23.1875
2020-08-03,20.316666666666666
2020-08-04,20.05
2020-08-05,21.733333333333334
2020-08-06,23.90833333333333
2020-08-07,26.65416666666667
2020-08-08,29.004166666666666
2020-08-09,29.329166666666666
2020-08-10,28.795833333333334
2020-08-11,28.2625
2020-08-12,26.991666666666664
2020-08-13,23.65416666666667
2020-08-14,22.641666666666666
2020-08-15,23.020833333333332
2020-08-16,24.166666666666668
2020-08-17,20.933333333333334
2020-08-18,21.195833333333333
2020-08-19,20.820833333333333
2020-08-20,24.22083333333333
2020-08-21,25.675
2020-08-22,22.633333333333336
2020-08-23,20.037499999999998
2020-08-24,18.537499999999998
2020-08-25,19.366666666666667
2020-08-26,20.25
2020-08-27,18.504166666666666
2020-08-28,19.095833333333335
2020-08-29,17.104166666666668
2020-08-30,16.591666666666665
2020-08-31,16.104166666666668
2020-09-01,16.529166666666665
2020-09-02,16.025
2020-09-03,16.304166666666667
2020-09-04,21.037499999999998
2020-09-05,17.587500000000002
2020-09-06,15.691666666666668
2020-09-07,15.924999999999999
2020-09-08,17.4875
2020-09-09,19.4375
2020-09-10,18.895833333333332
2020-09-11,18.545833333333334
2020-09-12,20.258333333333333
2020-09-13,20.2
2020-09-14,22.09166666666667
2020-09-15,22.47083333333333
2020-09-16,22.6375
2020-09-17,17.595833333333335
2020-09-18,17.220833333333335
2020-09-19,16.8875
2020-09-20,17.695833333333333
2020-09-21,17.654166666666665
2020-09-22,19.2625
2020-09-23,19.412499999999998
2020-09-24,17.545833333333334
2020-09-25,12.583333333333334
2020-09-26,11.0625
2020-09-27,10.595833333333333
2020-09-28,10.174999999999999
2020-09-29,12.258333333333333
2020-09-30,13.504166666666665
2020-10-01,13.333333333333334
2020-10-02,15.845833333333333
2020-10-03,12.5875
2020-10-04,12.583333333333334
2020-10-05,11.379166666666668
2020-10-06,12.116666666666667
2020-10-07,12.479166666666666
2020-10-08,13.166666666666666
2020-10-09,13.966666666666667
2020-10-10,10.1875
2020-10-11,8.7375
2020-10-12,8.616666666666667
2020-10-13,7.2124999999999995
2020-10-14,8.354166666666666
2020-10-15,9.066666666666666
2020-10-16,9.104166666666666
2020-10-17,7.8125
2020-10-18,7.741666666666667
2020-10-19,8.65
2020-10-20,9.441666666666666
2020-10-21,14.429166666666667
2020-10-22,16.1
2020-10-23,13.9125
2020-10-24,12.991666666666667
2020-10-25,12.895833333333334
2020-10-26,10.225
2020-10-27,8.904166666666667
2020-10-28,11.5375
2020-10-29,10.795833333333334
2020-10-30,12.924999999999999
2020-10-31,12.5
2020-11-01,13.674999999999999
2020-11-02,17.645833333333332
2020-11-03,11.654166666666667
2020-11-04,6.5249999999999995
2020-11-05,4.945833333333334
2020-11-06,4.104166666666667
2020-11-07,4.983333333333333
2020-11-08,6.508333333333333
2020-11-09,6.9875
2020-11-10,7.054166666666667
2020-11-11,7.916666666666667
2020-11-12,8.362499999999999
2020-11-13,8.333333333333334
2020-11-14,10.383333333333333
2020-11-15,11.9125
2020-11-16,10.470833333333333
2020-11-17,10.15
2020-11-18,9.375
2020-11-19,8.808333333333334
2020-11-20,3.0749999999999997
2020-11-21,2.125
2020-11-22,4.7
2020-11-23,6.633333333333333
2020-11-24,4.9375
2020-11-25,3.608333333333333
2020-11-26,1.0
2020-11-27,1.5374999999999999
2020-11-28,0.7208333333333333
2020-11-29,0.054166666666666675
2020-11-30,-1.7
2020-12-01,0.7374999999999999
2020-12-02,1.0250000000000001
2020-12-03,1.9333333333333333
2020-12-04,3.4625
2020-12-05,2.875
2020-12-06,3.3375
2020-12-07,3.4583333333333335
2020-12-08,0.9416666666666668
2020-12-09,1.45
2020-12-10,0.3958333333333333
2020-12-11,1.6791666666666665
2020-12-12,4.895833333333333
2020-12-13,4.75
2020-12-14,4.5625
2020-12-15,6.120833333333334
2020-12-16,7.191666666666666
2020-12-17,6.425
2020-12-18,4.170833333333333
2020-12-19,5.504166666666666
2020-12-20,5.616666666666667
2020-12-21,6.133333333333333
2020-12-22,11.975
2020-12-23,11.908333333333333
2020-12-24,6.620833333333334
2020-12-25,2.3333333333333335
2020-12-26,1.075
2020-12-27,2.9
2020-12-28,4.066666666666667
2020-12-29,2.7624999999999997
2020-12-30,2.9416666666666664
2020-12-31,2.0875
2021-01-01,2.154166666666667
2021-01-02,0.5499999999999999
2021-01-03,1.1916666666666667
2021-01-04,1.1500000000000001
2021-01-05,1.8791666666666667
2021-01-06,2.0208333333333335
2021-01-07,0.9791666666666666
2021-01-08,0.9500000000000001
2021-01-09,-0.8958333333333334
2021-01-10,-1.0041666666666667
2021-01-11,-2.183333333333333
2021-01-12,1.8166666666666667
2021-01-13,1.4124999999999999
2021-01-14,0.8708333333333332
2021-01-15,-0.7166666666666667
2021-01-16,-1.5875000000000001
2021-01-17,-0.8041666666666667
2021-01-18,2.9916666666666667
2021-01-19,3.0
2021-01-20,4.616666666666666
2021-01-21,8.266666666666667
2021-01-22,5.7124999999999995
2021-01-23,2.908333333333333
2021-01-24,1.125
2021-01-25,-0.2333333333333333
2021-01-26,1.8916666666666666
2021-01-27,0.9500000000000001
2021-01-28,5.8625
2021-01-29,8.200000000000001
2021-01-30,3.279166666666667
2021-01-31,0.8999999999999999
2021-02-01,3.3208333333333333
2021-02-02,6.541666666666667
2021-02-03,9.7875
2021-02-04,6.783333333333334
2021-02-05,4.954166666666667
2021-02-06,4.841666666666667
2021-02-07,1.5583333333333333
2021-02-08,-4.566666666666666
2021-02-09,-7.583333333333333
2021-02-10,-7.470833333333334
2021-02-11,-4.016666666666667
2021-02-12,-5.104166666666667
2021-02-13,-4.716666666666667
2021-02-14,-3.1041666666666665
2021-02-15,-0.7541666666666668
2021-02-16,3.5541666666666667
2021-02-17,6.083333333333333
2021-02-18,4.825
2021-02-19,5.7124999999999995
2021-02-20,8.362499999999999
2021-02-21,7.7
2021-02-22,5.816666666666666
2021-02-23,8.862499999999999
2021-02-24,10.545833333333333
2021-02-25,9.070833333333333
2021-02-26,5.479166666666667
2021-02-27,4.2749999999999995
2021-02-28,4.325
2021-03-01,4.991666666666666
2021-03-02,6.345833333333334
2021-03-03,5.758333333333333
2021-03-04,7.208333333333333
2021-03-05,3.1041666666666665
2021-03-06,0.4791666666666667
2021-03-07,1.0416666666666667
2021-03-08,1.9749999999999999
2021-03-09,3.2583333333333333
2021-03-10,5.675
2021-03-11,9.216666666666667
2021-03-12,7.016666666666667
2021-03-13,6.5625
2021-03-14,4.425
2021-03-15,5.2
2021-03-16,5.329166666666667
2021-03-17,3.0416666666666665
2021-03-18,2.558333333333333
2021-03-19,2.75
2021-03-20,1.6624999999999999
2021-03-21,5.270833333333333
2021-03-22,4.8999999999999995
2021-03-23,5.558333333333334
2021-03-24,5.3999999999999995
2021-03-25,7.9875
2021-03-26,10.075000000000001
2021-03-27,7.470833333333334
2021-03-28,8.508333333333333
2021-03-29,10.708333333333334
2021-03-30,11.5875
2021-03-31,13.487499999999999
2021-04-01,14.129166666666668
2021-04-02,8.366666666666667
2021-04-03,7.1125
2021-04-04,6.266666666666667
2021-04-05,3.35
2021-04-06,2.3833333333333333
2021-04-07,2.2708333333333335
2021-04-08,3.0041666666666664
2021-04-09,7.745833333333334
2021-04-10,9.191666666666666
2021-04-11,8.3375
2021-04-12,4.658333333333333
2021-04-13,3.3541666666666665
2021-04-14,3.9583333333333335
2021-04-15,4.370833333333333
2021-04-16,5.2749999999999995
2021-04-17,6.916666666666667
2021-04-18,8.637500000000001
2021-04-19,9.020833333333334
2021-04-20,10.2125
2021-04-21,10.795833333333334
2021-04-22,8.266666666666667
2021-04-23,8.2875
2021-04-24,9.433333333333334
2021-04-25,8.033333333333333
2021-04-26,8.654166666666667
2021-04-27,9.991666666666667
2021-04-28,13.0625
2021-04-29,11.275
2021-04-30,7.762499999999999
2021-05-01,10.195833333333333
2021-05-02,9.016666666666667
2021-05-03,9.270833333333334
2021-05-04,10.591666666666667
2021-05-05,8.487499999999999
2021-05-06,7.366666666666667
2021-05-07,7.820833333333333
2021-05-08,10.420833333333333
2021-05-09,18.5
2021-05-10,16.866666666666667
2021-05-11,13.458333333333334
2021-05-12,13.020833333333334
2021-05-13,13.674999999999999
2021-05-14,12.979166666666666
2021-05-15,11.654166666666667
2021-05-16,11.575000000000001
2021-05-17,11.679166666666667
2021-05-18,11.433333333333332
2021-05-19,11.491666666666667
2021-05-20,12.6
2021-05-21,13.870833333333332
2021-05-22,12.179166666666667
2021-05-23,12.533333333333333
2021-05-24,13.608333333333334
2021-05-25,10.008333333333333
2021-05-26,10.450000000000001
2021-05-27,10.391666666666667
2021-05-28,13.020833333333334
2021-05-29,14.049999999999999
2021-05-30,14.458333333333334
2021-05-31,15.450000000000001
2021-06-01,17.25
2021-06-02,19.908333333333335
2021-06-03,21.091666666666665
2021-06-04,21.241666666666667
2021-06-05,19.379166666666666
2021-06-06,18.404166666666665
2021-06-07,18.270833333333332
2021-06-08,19.429166666666667
2021-06-09,20.408333333333335
2021-06-10,21.070833333333333
2021-06-11,22.037499999999998
2021-06-12,20.533333333333335
2021-06-13,18.037499999999998
2021-06-14,20.445833333333333
2021-06-15,23.474999999999998
2021-06-16,26.141666666666666
2021-06-17,27.733333333333334
2021-06-18,28.087500000000002
2021-06-19,27.837500000000002
2021-06-20,25.083333333333332
2021-06-21,21.504166666666666
2021-06-22,17.358333333333334
2021-06-23,18.8875
2021-06-24,17.033333333333335
2021-06-25,18.55
2021-06-26,19.554166666666667
2021-06-27,22.204166666666666
2021-06-28,22.59583333333333
2021-06-29,19.45
2021-06-30,16.558333333333334
2021-07-01,15.445833333333333
2021-07-02,17.841666666666665
2021-07-03,20.033333333333335
2021-07-04,18.875
2021-07-05,18.349999999999998
2021-07-06,18.383333333333333
2021-07-07,19.2
2021-07-08,18.625
2021-07-09,18.266666666666666
2021-07-10,19.3875
2021-07-11,18.358333333333334
2021-07-12,20.229166666666668
2021-07-13,18.808333333333334
2021-07-14,17.125
2021-07-15,18.241666666666667
2021-07-16,19.962500000000002
2021-07-17,21.71666666666667
2021-07-18,21.46666666666667
2021-07-19,20.533333333333335
2021-07-20,18.754166666666666
2021-07-21,19.099999999999998
2021-07-22,20.470833333333335
2021-07-23,21.554166666666664
2021-07-24,20.73333333333333
2021-07-25,21.9375
2021-07-26,20.941666666666666
2021-07-27,20.583333333333332
2021-07-28,19.575
2021-07-29,19.083333333333332
2021-07-30,20.575
2021-07-31,19.650000000000002
2021-08-01,18.791666666666668
2021-08-02,17.454166666666666
2021-08-03,16.162499999999998
2021-08-04,17.366666666666667
2021-08-05,18.420833333333334
2021-08-06,18.566666666666666
2021-08-07,18.2
2021-08-08,16.766666666666666
2021-08-09,17.908333333333335
2021-08-10,18.841666666666665
2021-08-11,20.154166666666665
2021-08-12,22.3125
2021-08-13,22.854166666666668
2021-08-14,22.525000000000002
2021-08-15,22.558333333333334
2021-08-16,18.662499999999998
2021-08-17,15.083333333333334
2021-08-18,17.504166666666666
2021-08-19,19.091666666666665
2021-08-20,19.2375
2021-08-21,21.479166666666668
2021-08-22,18.25
2021-08-23,17.650000000000002
2021-08-24,16.395833333333332
2021-08-25,17.474999999999998
2021-08-26,16.666666666666668
2021-08-27,14.9125
2021-08-28,14.825000000000001
2021-08-29,15.5625
2021-08-30,16.970833333333335
2021-08-31,16.504166666666666
2021-09-01,16.091666666666665
2021-09-02,16.912499999999998
2021-09-03,17.791666666666668
2021-09-04,18.633333333333333
2021-09-05,19.320833333333333
2021-09-06,20.120833333333334
2021-09-07,19.925
2021-09-08,19.804166666666667
2021-09-09,20.641666666666666
2021-09-10,19.683333333333334
2021-09-11,18.45
2021-09-12,17.875
2021-09-13,17.691666666666666
2021-09-14,20.345833333333335
2021-09-15,19.575
2021-09-16,17.054166666666667
2021-09-17,15.362499999999999
2021-09-18,16.433333333333334
2021-09-19,15.033333333333333
2021-09-20,13.9125
2021-09-21,13.141666666666666
2021-09-22,13.608333333333334
2021-09-23,14.983333333333334
2021-09-24,17.05
2021-09-25,16.291666666666668
2021-09-26,17.558333333333334
2021-09-27,17.5
2021-09-28,13.770833333333334
2021-09-29,12.579166666666666
2021-09-30,10.654166666666667
2021-10-01,12.320833333333333
2021-10-02,16.141666666666666
2021-10-03,18.433333333333334
2021-10-04,13.095833333333333
2021-10-05,12.9125
2021-10-06,11.262500000000001
2021-10-07,11.508333333333333
2021-10-08,12.066666666666668
2021-10-09,10.7125
2021-10-10,9.091666666666667
2021-10-11,7.5
2021-10-12,9.741666666666667
2021-10-13,7.8125
2021-10-14,9.4
2021-10-15,9.295833333333333
2021-10-16,7.895833333333333
2021-10-17,9.0625
2021-10-18,7.8999999999999995
2021-10-19,10.616666666666667
2021-10-20,14.508333333333333
2021-10-21,11.729166666666666
2021-10-22,7.833333333333333
2021-10-23,7.6625000000000005
2021-10-24,6.454166666666667
2021-10-25,6.704166666666667
2021-10-26,10.091666666666667
2021-10-27,10.245833333333334
2021-10-28,6.958333333333333
2021-10-29,6.875
2021-10-30,7.579166666666667
2021-10-31,13.870833333333332
2021-11-01,10.516666666666667
2021-11-02,7.245833333333334
2021-11-03,7.058333333333334
2021-11-04,6.916666666666667
2021-11-05,6.041666666666667
2021-11-06,5.208333333333333
2021-11-07,6.325
2021-11-08,5.75
2021-11-09,4.941666666666667
2021-11-10,2.4250000000000003
2021-11-11,1.8583333333333334
2021-11-12,2.441666666666667
2021-11-13,4.483333333333333
2021-11-14,7.4875
2021-11-15,7.641666666666667
2021-11-16,5.845833333333334
2021-11-17,6.2625
2021-11-18,5.7625
2021-11-19,7.0249999999999995
2021-11-20,7.516666666666667
2021-11-21,5.625
2021-11-22,4.329166666666667
2021-11-23,1.0
2021-11-24,1.0374999999999999
2021-11-25,1.1583333333333334
2021-11-26,2.558333333333333
2021-11-27,2.7583333333333333
2021-11-28,1.3958333333333333
2021-11-29,1.3458333333333332
2021-11-30,3.9916666666666667
2021-12-01,6.233333333333333
2021-12-02,2.9
2021-12-03,0.425
2021-12-04,2.6083333333333334
2021-12-05,2.370833333333333
2021-12-06,0.7958333333333334
2021-12-07,2.904166666666667
2021-12-08,3.6333333333333333
2021-12-09,2.1166666666666667
2021-12-10,1.8416666666666668
2021-12-11,2.254166666666667
2021-12-12,3.341666666666667
2021-12-13,5.6000000000000005
2021-12-14,5.008333333333334
2021-12-15,5.408333333333334
2021-12-16,6.2375
2021-12-17,6.095833333333334
2021-12-18,3.016666666666667
2021-12-19,4.9624999999999995
2021-12-20,2.0708333333333333
2021-12-21,-2.545833333333333
2021-12-22,-3.6750000000000003
2021-12-23,-0.46249999999999997
2021-12-24,6.291666666666667
2021-12-25,2.0749999999999997
2021-12-26,1.0041666666666667
2021-12-27,5.354166666666667
2021-12-28,8.541666666666666
2021-12-29,9.170833333333333
2021-12-30,12.424999999999999
2021-12-31,10.966666666666667
2022-01-01,9.908333333333333
2022-01-02,8.237499999999999
2022-01-03,9.183333333333334
2022-01-04,7.279166666666666
2022-01-05,3.908333333333333
2022-01-06,1.8916666666666666
2022-01-07,1.4666666666666668
2022-01-08,2.1625
2022-01-09,3.125
2022-01-10,-0.07083333333333332
2022-01-11,0.7416666666666667
2022-01-12,1.0541666666666667
2022-01-13,0.13333333333333333
2022-01-14,-0.9583333333333334
2022-01-15,0.8875000000000001
2022-01-16,1.4749999999999999
2022-01-17,4.2749999999999995
2022-01-18,3.529166666666667
2022-01-19,2.245833333333333
2022-01-20,2.6
2022-01-21,1.9333333333333333
2022-01-22,4.754166666666666
2022-01-23,4.5375000000000005
2022-01-24,2.5708333333333333
2022-01-25,-0.3833333333333333
2022-01-26,1.2375
2022-01-27,2.095833333333333
2022-01-28,4.283333333333333
2022-01-29,5.2625
2022-01-30,4.320833333333334
2022-01-31,3.625
2022-02-01,4.258333333333334
2022-02-02,6.425
2022-02-03,6.429166666666667
2022-02-04,5.9624999999999995
2022-02-05,3.1458333333333335
2022-02-06,5.491666666666667
2022-02-07,3.9499999999999997
2022-02-08,5.333333333333333
2022-02-09,7.395833333333333
2022-02-10,5.15
2022-02-11,2.4875000000000003
2022-02-12,0.2625
2022-02-13,1.8458333333333334
2022-02-14,6.879166666666666
2022-02-15,6.0125
2022-02-16,8.5625
2022-02-17,9.979166666666666
2022-02-18,8.833333333333334
2022-02-19,5.845833333333334
2022-02-20,7.854166666666667
2022-02-21,6.441666666666666
2022-02-22,6.5625
2022-02-23,5.7
2022-02-24,6.583333333333333
2022-02-25,2.670833333333333
2022-02-26,2.5458333333333334
2022-02-27,2.4375
2022-02-28,1.9291666666666665
2022-03-01,1.4875
2022-03-02,1.5208333333333333
2022-03-03,2.0208333333333335
2022-03-04,1.4666666666666668
2022-03-05,1.3083333333333333
2022-03-06,1.5291666666666668
2022-03-07,0.3999999999999999
2022-03-08,1.7666666666666666
2022-03-09,2.1333333333333333
2022-03-10,4.6875
2022-03-11,4.983333333333333
2022-03-12,6.158333333333334
2022-03-13,6.041666666666667
2022-03-14,7.654166666666666
2022-03-15,4.991666666666666
2022-03-16,6.433333333333334
2022-03-17,7.995833333333334
2022-03-18,7.4875
2022-03-19,6.458333333333333
2022-03-20,8.441666666666666
2022-03-21,8.391666666666667
2022-03-22,7.295833333333333
2022-03-23,8.0625
2022-03-24,8.762500000000001
2022-03-25,9.9
2022-03-26,10.458333333333334
2022-03-27,11.570833333333333
2022-03-28,12.416666666666666
2022-03-29,11.0375
2022-03-30,8.341666666666667
2022-03-31,5.570833333333333
2022-04-01,2.004166666666667
2022-04-02,1.7583333333333335
2022-04-03,2.433333333333333
2022-04-04,3.3791666666666664
2022-04-05,7.979166666666667
2022-04-06,10.799999999999999
2022-04-07,10.458333333333334
2022-04-08,5.8374999999999995
2022-04-09,5.579166666666667
2022-04-10,5.2749999999999995
2022-04-11,7.6000000000000005
2022-04-12,12.241666666666667
2022-04-13,15.016666666666666
2022-04-14,14.229166666666666
2022-04-15,12.283333333333333
2022-04-16,9.816666666666666
2022-04-17,8.9375
2022-04-18,10.3125
2022-04-19,11.016666666666666
2022-04-20,10.529166666666667
2022-04-21,11.291666666666666
2022-04-22,12.725
2022-04-23,12.950000000000001
2022-04-24,11.316666666666668
2022-04-25,10.450000000000001
2022-04-26,8.612499999999999
2022-04-27,11.5625
2022-04-28,12.991666666666667
2022-04-29,14.120833333333332
2022-04-30,10.133333333333333
2022-05-01,12.370833333333332
2022-05-02,13.804166666666667
2022-05-03,15.450000000000001
2022-05-04,14.1625
2022-05-05,14.708333333333334
2022-05-06,15.275
2022-05-07,15.9125
2022-05-08,16.566666666666666
2022-05-09,18.020833333333332
2022-05-10,19.76666666666667
2022-05-11,23.083333333333332
2022-05-12,20.441666666666666
2022-05-13,16.870833333333334
2022-05-14,17.587500000000002
2022-05-15,19.895833333333332
2022-05-16,19.658333333333335
2022-05-17,18.979166666666668
2022-05-18,22.804166666666664
2022-05-19,21.90833333333333
2022-05-20,20.845833333333335
2022-05-21,16.383333333333333
2022-05-22,17.629166666666666
2022-05-23,19.391666666666666
2022-05-24,16.175
2022-05-25,16.2375
2022-05-26,17.92083333333333
2022-05-27,16.070833333333333
2022-05-28,13.5
2022-05-29,12.041666666666666
2022-05-30,12.629166666666668
2022-05-31,15.15
2022-06-01,15.775
2022-06-02,16.054166666666667
2022-06-03,20.712500000000002
2022-06-04,20.912499999999998
2022-06-05,18.8125
2022-06-06,18.650000000000002
2022-06-07,17.825
2022-06-08,16.733333333333334
2022-06-09,15.924999999999999
2022-06-10,18.162499999999998
2022-06-11,20.791666666666668
2022-06-12,21.216666666666665
2022-06-13,18.454166666666666
2022-06-14,18.900000000000002
2022-06-15,23.083333333333332
2022-06-16,22.870833333333334
2022-06-17,22.666666666666668
2022-06-18,27.516666666666666
2022-06-19,27.8
2022-06-20,17.787499999999998
2022-06-21,18.825
2022-06-22,22.329166666666666
2022-06-23,24.52916666666667
2022-06-24,21.162499999999998
2022-06-25,20.95
2022-06-26,22.258333333333336
2022-06-27,19.962500000000002
2022-06-28,19.841666666666665
2022-06-29,22.333333333333332
2022-06-30,24.141666666666666
2022-07-01,17.05
2022-07-02,19.925
2022-07-03,22.2
2022-07-04,21.170833333333334
2022-07-05,21.104166666666668
2022-07-06,18.791666666666668
2022-07-07,17.641666666666666
2022-07-08,18.474999999999998
2022-07-09,20.3625
2022-07-10,16.8875
2022-07-11,19.724999999999998
2022-07-12,21.5125
2022-07-13,24.875
2022-07-14,23.2
2022-07-15,19.216666666666665
2022-07-16,19.591666666666665
2022-07-17,21.241666666666667
2022-07-18,24.224999999999998
2022-07-19,28.045833333333334
2022-07-20,28.379166666666666
2022-07-21,22.474999999999998
2022-07-22,22.34583333333333
2022-07-23,22.979166666666668
2022-07-24,24.8
2022-07-25,25.808333333333334
2022-07-26,21.787499999999998
2022-07-27,19.741666666666667
2022-07-28,21.733333333333334
2022-07-29,21.8625
2022-07-30,22.004166666666666
2022-07-31,22.929166666666664
2022-08-01,23.204166666666666
2022-08-02,23.641666666666666
2022-08-03,26.354166666666668
2022-08-04,28.97083333333333
2022-08-05,23.083333333333332
2022-08-06,19.320833333333333
2022-08-07,20.895833333333332
2022-08-08,22.9375
2022-08-09,24.516666666666666
2022-08-10,24.691666666666666
2022-08-11,24.900000000000002
2022-08-12,24.875
2022-08-13,25.0625
2022-08-14,26.099999999999998
2022-08-15,22.47083333333333
2022-08-16,22.458333333333332
2022-08-17,22.183333333333334
2022-08-18,22.066666666666666
2022-08-19,23.47083333333333
2022-08-20,21.849999999999998
2022-08-21,21.287499999999998
2022-08-22,23.09583333333333
2022-08-23,23.8875
2022-08-24,24.97083333333333
2022-08-25,25.1375
2022-08-26,23.979166666666668
2022-08-27,21.058333333333334
2022-08-28,19.754166666666666
2022-08-29,19.120833333333334
2022-08-30,21.175
2022-08-31,20.345833333333335
2022-09-01,19.595833333333335
2022-09-02,19.070833333333333
2022-09-03,17.791666666666668
2022-09-04,19.420833333333334
2022-09-05,20.566666666666666
2022-09-06,21.837500000000002
2022-09-07,20.966666666666665
2022-09-08,18.283333333333335
2022-09-09,16.220833333333335
2022-09-10,15.870833333333332
2022-09-11,17.125
2022-09-12,16.829166666666666
2022-09-13,16.7
2022-09-14,17.745833333333334
2022-09-15,16.837500000000002
2022-09-16,13.508333333333333
2022-09-17,11.570833333333333
2022-09-18,11.383333333333333
2022-09-19,11.966666666666667
2022-09-20,10.983333333333334
2022-09-21,10.816666666666668
2022-09-22,10.854166666666666
2022-09-23,11.616666666666667
2022-09-24,12.570833333333333
2022-09-25,12.520833333333334
2022-09-26,10.779166666666667
2022-09-27,10.15
2022-09-28,9.820833333333333
2022-09-29,9.0
2022-09-30,9.675
2022-10-01,11.65
2022-10-02,12.295833333333334
2022-10-03,11.529166666666667
2022-10-04,10.454166666666667
2022-10-05,14.154166666666667
2022-10-06,13.733333333333334
2022-10-07,11.329166666666666
2022-10-08,11.612499999999999
2022-10-09,9.820833333333335
2022-10-10,12.345833333333333
2022-10-11,10.933333333333332
2022-10-12,10.237499999999999
2022-10-13,10.75
2022-10-14,13.620833333333332
2022-10-15,15.258333333333333
2022-10-16,16.125
2022-10-17,16.758333333333333
2022-10-18,15.387500000000001
2022-10-19,12.954166666666666
2022-10-20,11.779166666666667
2022-10-21,14.5625
2022-10-22,14.383333333333333
2022-10-23,13.866666666666667
2022-10-24,15.116666666666667
2022-10-25,13.254166666666668
2022-10-26,14.145833333333334
2022-10-27,13.820833333333333
2022-10-28,16.166666666666668
2022-10-29,14.616666666666667
2022-10-30,14.316666666666668
2022-10-31,12.991666666666667
2022-11-01,13.008333333333333
2022-11-02,10.5375
2022-11-03,10.533333333333333
2022-11-04,9.341666666666667
2022-11-05,8.004166666666666
2022-11-06,8.1
2022-11-07,11.554166666666667
2022-11-08,11.229166666666666
2022-11-09,11.983333333333334
2022-11-10,9.237499999999999
2022-11-11,6.1875
2022-11-12,6.454166666666667
2022-11-13,5.929166666666667
2022-11-14,6.933333333333334
2022-11-15,10.183333333333334
2022-11-16,9.804166666666667
2022-11-17,9.658333333333333
2022-11-18,7.7625
2022-11-19,3.025
2022-11-20,3.3541666666666665
2022-11-21,6.216666666666666
2022-11-22,6.708333333333333
2022-11-23,7.0874999999999995
2022-11-24,6.8500000000000005
2022-11-25,5.6625000000000005
2022-11-26,4.6125
2022-11-27,4.3500000000000005
2022-11-28,4.895833333333333
2022-11-29,6.266666666666667
2022-11-30,6.791666666666667
2022-12-01,4.3625
2022-12-02,1.9375
2022-12-03,2.2
2022-12-04,2.4916666666666667
2022-12-05,3.5541666666666667
2022-12-06,3.25
2022-12-07,3.0875
2022-12-08,1.7958333333333334
2022-12-09,-0.85
2022-12-10,-1.1125
2022-12-11,-1.7874999999999999
2022-12-12,-1.8916666666666666
2022-12-13,-4.4125000000000005
2022-12-14,-3.6208333333333336
2022-12-15,-4.491666666666666
2022-12-16,-3.704166666666667
2022-12-17,-6.9624999999999995
2022-12-18,-4.891666666666667
2022-12-19,0.2791666666666666
2022-12-20,3.125
2022-12-21,7.083333333333333
2022-12-22,8.737499999999999
2022-12-23,8.945833333333333
2022-12-24,8.733333333333333
2022-12-25,8.9
2022-12-26,9.254166666666666
2022-12-27,3.4458333333333333
2022-12-28,6.658333333333334
2022-12-29,9.783333333333333
2022-12-30,7.95
2022-12-31,14.375
2023-01-01,11.525
2023-01-02,10.395833333333334
2023-01-03,6.175
2023-01-04,8.483333333333333
2023-01-05,10.045833333333333
2023-01-06,10.0
2023-01-07,8.5875
2023-01-08,8.362499999999999
2023-01-09,6.595833333333334
2023-01-10,4.929166666666666
2023-01-11,7.479166666666667
2023-01-12,8.479166666666666
2023-01-13,8.3125
2023-01-14,7.5249999999999995
2023-01-15,6.108333333333333
2023-01-16,4.083333333333333
2023-01-17,1.9708333333333332
2023-01-18,-0.10416666666666664
2023-01-19,-0.42500000000000004
2023-01-20,-0.6625
2023-01-21,-0.6291666666666667
2023-01-22,1.7083333333333333
2023-01-23,1.8708333333333333
2023-01-24,2.1125000000000003
2023-01-25,1.3041666666666667
2023-01-26,-0.17500000000000002
2023-01-27,2.2583333333333333
2023-01-28,0.2166666666666667
2023-01-29,-1.7458333333333333
2023-01-30,3.4499999999999997
2023-01-31,3.0666666666666664
2023-02-01,5.833333333333333
2023-02-02,7.379166666666666
2023-02-03,8.054166666666667
2023-02-04,5.745833333333334
2023-02-05,3.25
2023-02-06,2.7083333333333335
2023-02-07,-0.9916666666666667
2023-02-08,-1.6458333333333333
2023-02-09,-2.6791666666666667
2023-02-10,-0.45416666666666666
2023-02-11,3.233333333333333
2023-02-12,6.0625
2023-02-13,4.020833333333333
2023-02-14,0.9125
2023-02-15,0.4666666666666666
2023-02-16,2.8833333333333333
2023-02-17,10.283333333333333
2023-02-18,10.454166666666667
2023-02-19,9.15
2023-02-20,7.191666666666666
2023-02-21,7.254166666666666
2023-02-22,6.020833333333333
2023-02-23,8.891666666666667
2023-02-24,6.666666666666667
2023-02-25,3.216666666666667
2023-02-26,-0.07916666666666665
2023-02-27,0.5083333333333333
2023-02-28,0.6375
2023-03-01,2.1416666666666666
2023-03-02,4.166666666666667
2023-03-03,2.2958333333333334
2023-03-04,2.6875
2023-03-05,3.5666666666666664
2023-03-06,3.1916666666666664
2023-03-07,4.520833333333333
2023-03-08,3.9625
2023-03-09,9.920833333333333
2023-03-10,8.104166666666666
2023-03-11,2.2666666666666666
2023-03-12,3.6625
2023-03-13,12.225
2023-03-14,8.008333333333333
2023-03-15,2.9583333333333335
2023-03-16,4.066666666666666
2023-03-17,8.695833333333333
2023-03-18,11.020833333333334
2023-03-19,9.35
2023-03-20,8.700000000000001
2023-03-21,7.954166666666667
2023-03-22,11.358333333333334
2023-03-23,12.491666666666667
2023-03-24,12.1875
2023-03-25,9.7875
2023-03-26,7.904166666666666
2023-03-27,4.179166666666666
2023-03-28,4.3500000000000005
2023-03-29,8.933333333333334
2023-03-30,12.4125
2023-03-31,11.095833333333333
2023-04-01,9.795833333333333
2023-04-02,6.354166666666667
2023-04-03,3.845833333333333
2023-04-04,2.8791666666666664
2023-04-05,2.9875000000000003
2023-04-06,6.104166666666667
2023-04-07,7.504166666666666
2023-04-08,7.370833333333334
2023-04-09,7.954166666666667
2023-04-10,10.604166666666666
2023-04-11,10.237499999999999
2023-04-12,9.15
2023-04-13,7.25
2023-04-14,7.391666666666667
2023-04-15,7.620833333333334
2023-04-16,9.333333333333334
2023-04-17,9.708333333333334
2023-04-18,9.966666666666667
2023-04-19,9.575000000000001
2023-04-20,7.8
2023-04-21,10.795833333333334
2023-04-22,14.200000000000001
2023-04-23,13.879166666666668
2023-04-24,10.4625
2023-04-25,7.9125000000000005
2023-04-26,6.825
2023-04-27,9.4125
2023-04-28,12.483333333333334
2023-04-29,12.2125
2023-04-30,12.229166666666666
2023-05-01,12.950000000000001
2023-05-02,11.991666666666667
2023-05-03,10.291666666666666
2023-05-04,13.804166666666667
2023-05-05,15.891666666666666
2023-05-06,15.033333333333333
2023-05-07,16.599999999999998
2023-05-08,14.591666666666667
2023-05-09,15.266666666666666
2023-05-10,14.033333333333333
2023-05-11,12.270833333333334
2023-05-12,13.679166666666667
2023-05-13,13.9
2023-05-14,14.183333333333332
2023-05-15,14.483333333333334
2023-05-16,11.504166666666668
2023-05-17,10.737499999999999
2023-05-18,11.5625
2023-05-19,13.7125
2023-05-20,15.762500000000001
2023-05-21,19.95
2023-05-22,19.770833333333332
2023-05-23,15.8375
2023-05-24,11.533333333333333
2023-05-25,14.179166666666667
2023-05-26,15.604166666666666
2023-05-27,16.474999999999998
2023-05-28,17.933333333333334
2023-05-29,18.599999999999998
2023-05-30,17.154166666666665
2023-05-31,19.504166666666666
2023-06-01,19.6
2023-06-02,15.779166666666667
2023-06-03,17.958333333333332
2023-06-04,18.629166666666666
2023-06-05,20.0625
2023-06-06,20.091666666666665
2023-06-07,19.483333333333334
2023-06-08,20.379166666666666
2023-06-09,22.099999999999998
2023-06-10,23.295833333333334
2023-06-11,23.71666666666667
2023-06-12,22.71666666666667
2023-06-13,21.3625
2023-06-14,20.083333333333332
2023-06-15,20.45
2023-06-16,20.433333333333334
2023-06-17,21.5125
2023-06-18,23.962500000000002
2023-06-19,24.320833333333336
2023-06-20,24.662499999999998
2023-06-21,23.84583333333333
2023-06-22,24.825
2023-06-23,21.504166666666666
2023-06-24,22.070833333333336
2023-06-25,24.479166666666668
2023-06-26,23.054166666666664
2023-06-27,20.170833333333334
2023-06-28,20.158333333333335
2023-06-29,21.870833333333334
2023-06-30,19.808333333333334
2023-07-01,18.029166666666665
2023-07-02,18.891666666666666
2023-07-03,19.254166666666666
2023-07-04,20.483333333333334
2023-07-05,18.483333333333334
2023-07-06,19.016666666666666
2023-07-07,22.40416666666667
2023-07-08,25.608333333333334
2023-07-09,27.054166666666664
2023-07-10,24.8125
2023-07-11,26.075
2023-07-12,23.599999999999998
2023-07-13,21.029166666666665
2023-07-14,21.8
2023-07-15,23.5625
2023-07-16,21.525000000000002
2023-07-17,20.979166666666668
2023-07-18,21.145833333333332
2023-07-19,22.3125
2023-07-20,20.608333333333334
2023-07-21,18.7
2023-07-22,19.8
2023-07-23,21.366666666666664
2023-07-24,20.587500000000002
2023-07-25,16.654166666666665
2023-07-26,15.841666666666667
2023-07-27,16.554166666666667
2023-07-28,18.995833333333334
2023-07-29,20.325
2023-07-30,19.020833333333332
2023-07-31,18.85
2023-08-01,18.479166666666668
2023-08-02,17.979166666666668
2023-08-03,17.841666666666665
2023-08-04,16.883333333333333
2023-08-05,17.25
2023-08-06,15.137500000000001
2023-08-07,14.700000000000001
2023-08-08,16.020833333333332
2023-08-09,17.120833333333334
2023-08-10,18.14166666666667
2023-08-11,21.066666666666666
2023-08-12,21.666666666666668
2023-08-13,21.016666666666666
2023-08-14,22.925
2023-08-15,22.558333333333334
2023-08-16,21.320833333333333
2023-08-17,21.283333333333335
2023-08-18,23.825
2023-08-19,24.337500000000002
2023-08-20,24.724999999999998
2023-08-21,24.891666666666666
2023-08-22,23.375
2023-08-23,22.412499999999998
2023-08-24,22.795833333333334
2023-08-25,22.116666666666664
2023-08-26,19.4375
2023-08-27,16.912499999999998
2023-08-28,14.866666666666667
2023-08-29,16.125
2023-08-30,15.795833333333334
2023-08-31,15.458333333333334
2023-09-01,17.154166666666665
2023-09-02,18.0625
2023-09-03,18.8625
2023-09-04,18.95
2023-09-05,20.1375
2023-09-06,20.295833333333334
2023-09-07,20.8
2023-09-08,20.766666666666666
2023-09-09,21.0
2023-09-10,21.679166666666664
2023-09-11,21.733333333333334
2023-09-12,22.020833333333332
2023-09-13,19.529166666666665
2023-09-14,15.658333333333333
2023-09-15,17.425
2023-09-16,20.495833333333334
2023-09-17,21.929166666666664
2023-09-18,20.266666666666666
2023-09-19,17.645833333333332
2023-09-20,18.558333333333334
2023-09-21,18.712500000000002
2023-09-22,15.633333333333333
2023-09-23,13.450000000000001
2023-09-24,13.125
2023-09-25,14.025
2023-09-26,15.629166666666665
2023-09-27,17.070833333333333
2023-09-28,18.808333333333334
2023-09-29,19.037499999999998
2023-09-30,15.583333333333334
2023-10-01,15.024999999999999
2023-10-02,17.087500000000002
2023-10-03,16.441666666666666
2023-10-04,13.041666666666666
2023-10-05,11.945833333333333
2023-10-06,12.420833333333334
2023-10-07,14.65
2023-10-08,16.295833333333334
2023-10-09,15.708333333333334
2023-10-10,15.466666666666667
2023-10-11,17.724999999999998
2023-10-12,16.279166666666665
2023-10-13,19.391666666666666
2023-10-14,14.85
2023-10-15,7.5375000000000005
2023-10-16,5.7124999999999995
2023-10-17,6.9125000000000005
2023-10-18,9.095833333333333
2023-10-19,13.808333333333332
2023-10-20,14.0875
2023-10-21,14.2875
2023-10-22,12.279166666666667
2023-10-23,11.033333333333333
2023-10-24,11.299999999999999
2023-10-25,10.570833333333333
2023-10-26,10.6625
2023-10-27,10.583333333333334
2023-10-28,11.166666666666666
2023-10-29,12.5625
2023-10-30,12.733333333333334
2023-10-31,11.3375
2023-11-01,12.379166666666668
2023-11-02,11.283333333333333
2023-11-03,8.479166666666666
2023-11-04,8.720833333333333
2023-11-05,10.270833333333334
2023-11-06,9.954166666666667
2023-11-07,8.275
2023-11-08,8.745833333333334
2023-11-09,8.325000000000001
2023-11-10,8.1625
2023-11-11,6.570833333333333
2023-11-12,5.7749999999999995
2023-11-13,9.887500000000001
2023-11-14,11.1
2023-11-15,9.666666666666666
2023-11-16,6.941666666666666
2023-11-17,5.7749999999999995
2023-11-18,5.308333333333334
2023-11-19,11.241666666666667
2023-11-20,10.229166666666666
2023-11-21,8.420833333333333
2023-11-22,1.9000000000000001
2023-11-23,5.45
2023-11-24,6.229166666666667
2023-11-25,3.1666666666666665
2023-11-26,3.1833333333333336
2023-11-27,2.075
2023-11-28,0.375
2023-11-29,0.44583333333333336
2023-11-30,1.3916666666666666
2023-12-01,0.6124999999999999
2023-12-02,-2.779166666666667
2023-12-03,-2.920833333333333
2023-12-04,-1.2625
2023-12-05,3.029166666666667
2023-12-06,1.9000000000000001
2023-12-07,0.6749999999999999
2023-12-08,1.8625
2023-12-09,6.045833333333333
2023-12-10,8.75
2023-12-11,9.108333333333333
2023-12-12,7.295833333333333
2023-12-13,6.679166666666667
2023-12-14,4.429166666666666
2023-12-15,2.6625
2023-12-16,3.0500000000000003
2023-12-17,4.075
2023-12-18,2.9583333333333335
2023-12-19,2.7416666666666667
2023-12-20,5.7124999999999995
2023-12-21,8.5375
2023-12-22,7.566666666666666
2023-12-23,8.333333333333334
2023-12-24,9.137500000000001
2023-12-25,9.674999999999999
2023-12-26,8.070833333333333
2023-12-27,5.904166666666666
2023-12-28,8.366666666666667
2023-12-29,9.470833333333333
2023-12-30,7.691666666666666
2023-12-31,6.591666666666666
2024-01-01,6.641666666666667
2024-01-02,8.229166666666666
2024-01-03,9.0625
2024-01-04,7.083333333333333
2024-01-05,6.016666666666667
2024-01-06,4.466666666666667
2024-01-07,1.0833333333333333
2024-01-08,-3.2583333333333333
2024-01-09,-3.9375
2024-01-10,-3.5
2024-01-11,-2.6083333333333334
2024-01-12,-0.3541666666666667
2024-01-13,-0.08333333333333331
2024-01-14,-1.0208333333333333
2024-01-15,0.22916666666666666
2024-01-16,-1.7249999999999999
2024-01-17,-2.25
2024-01-18,-1.0
2024-01-19,-3.15
2024-01-20,-5.254166666666666
2024-01-21,-1.6583333333333332
2024-01-22,5.3999999999999995
2024-01-23,6.0625
2024-01-24,9.504166666666666
2024-01-25,6.166666666666667
2024-01-26,7.2250000000000005
2024-01-27,1.5875000000000001
2024-01-28,1.0125
2024-01-29,1.7125000000000001
2024-01-30,2.1708333333333334
2024-01-31,4.4624999999999995
2024-02-01,4.958333333333333
2024-02-02,4.8999999999999995
2024-02-03,8.258333333333333
2024-02-04,9.2125
2024-02-05,8.679166666666667
2024-02-06,7.629166666666666
2024-02-07,7.0
2024-02-08,6.883333333333333
2024-02-09,10.9
2024-02-10,10.104166666666666
2024-02-11,8.1
2024-02-12,6.679166666666667
2024-02-13,4.583333333333333
2024-02-14,8.508333333333335
2024-02-15,10.270833333333334
2024-02-16,11.299999999999999
2024-02-17,9.495833333333334
2024-02-18,7.445833333333333
2024-02-19,9.0375
2024-02-20,7.3625
2024-02-21,8.025
2024-02-22,9.633333333333333
2024-02-23,5.7749999999999995
2024-02-24,4.058333333333334
2024-02-25,5.070833333333334
2024-02-26,6.641666666666667
2024-02-27,7.283333333333334
2024-02-28,4.1875
2024-02-29,3.8666666666666667
2024-03-01,5.091666666666667
2024-03-02,7.854166666666667
2024-03-03,8.733333333333333
2024-03-04,8.0875
2024-03-05,6.879166666666666
2024-03-06,6.145833333333333
2024-03-07,4.7
2024-03-08,5.170833333333333
2024-03-09,6.654166666666666
2024-03-10,9.120833333333334
2024-03-11,8.2125
2024-03-12,7.3625
2024-03-13,8.295833333333333
2024-03-14,10.608333333333333
2024-03-15,11.362499999999999
2024-03-16,9.095833333333333
2024-03-17,7.420833333333333
2024-03-18,9.570833333333335
2024-03-19,8.795833333333333
2024-03-20,10.325
2024-03-21,9.933333333333334
2024-03-22,10.012500000000001
2024-03-23,6.366666666666666
2024-03-24,5.675
2024-03-25,6.183333333333334
2024-03-26,7.625
2024-03-27,8.85
2024-03-28,7.920833333333333
2024-03-29,8.85
2024-03-30,11.679166666666667
2024-03-31,11.754166666666668
2024-04-01,9.004166666666666
2024-04-02,9.870833333333334
2024-04-03,9.995833333333334
2024-04-04,11.137500000000001
2024-04-05,15.075000000000001
2024-04-06,16.875
2024-04-07,17.720833333333335
2024-04-08,17.9375
2024-04-09,12.487499999999999
2024-04-10,9.620833333333334
2024-04-11,10.379166666666666
2024-04-12,12.924999999999999
2024-04-13,15.174999999999999
2024-04-14,15.35
2024-04-15,11.450000000000001
2024-04-16,6.958333333333333
2024-04-17,6.6625000000000005
2024-04-18,6.491666666666667
2024-04-19,6.554166666666667
2024-04-20,6.55
2024-04-21,5.366666666666667
2024-04-22,4.5874999999999995
2024-04-23,5.304166666666666
2024-04-24,5.845833333333334
2024-04-25,6.091666666666666
2024-04-26,8.079166666666667
2024-04-27,12.358333333333334
2024-04-28,12.391666666666666
2024-04-29,13.754166666666665
2024-04-30,17.508333333333333
2024-05-01,18.662499999999998
2024-05-02,16.670833333333334
2024-05-03,12.604166666666666
2024-05-04,12.820833333333333
2024-05-05,14.558333333333332
2024-05-06,14.158333333333333
2024-05-07,13.345833333333333
2024-05-08,12.833333333333334
2024-05-09,14.091666666666667
2024-05-10,15.545833333333334
2024-05-11,16.466666666666665
2024-05-12,17.445833333333333
2024-05-13,17.520833333333332
2024-05-14,18.900000000000002
2024-05-15,17.29583333333333
2024-05-16,16.462500000000002
2024-05-17,14.766666666666666
2024-05-18,14.566666666666668
2024-05-19,14.2125
2024-05-20,15.704166666666666
2024-05-21,16.258333333333333
2024-05-22,15.554166666666667
2024-05-23,15.799999999999999
2024-05-24,14.891666666666666
2024-05-25,15.962499999999999
2024-05-26,17.095833333333335
2024-05-27,17.208333333333332
2024-05-28,15.3375
2024-05-29,15.887500000000001
2024-05-30,15.725
2024-05-31,15.304166666666667
2024-06-01,16.329166666666666
2024-06-02,17.270833333333332
2024-06-03,14.920833333333334
2024-06-04,15.445833333333333
2024-06-05,16.0625
2024-06-06,15.916666666666666
2024-06-07,16.1125
2024-06-08,17.3625
2024-06-09,16.3625
2024-06-10,14.625
2024-06-11,12.816666666666668
2024-06-12,13.237499999999999
2024-06-13,14.454166666666666
2024-06-14,15.491666666666667
2024-06-15,16.933333333333334
2024-06-16,16.724999999999998
2024-06-17,18.291666666666668
2024-06-18,20.45
2024-06-19,17.791666666666668
2024-06-20,19.795833333333334
2024-06-21,20.354166666666668
2024-06-22,17.104166666666668
2024-06-23,19.120833333333334
2024-06-24,20.970833333333335
2024-06-25,22.375
2024-06-26,23.429166666666664
2024-06-27,24.3625
2024-06-28,22.2375
2024-06-29,23.354166666666668
2024-06-30,19.554166666666667
2024-07-01,17.266666666666666
2024-07-02,15.604166666666666
2024-07-03,14.2875
2024-07-04,17.158333333333335
2024-07-05,17.462500000000002
2024-07-06,18.599999999999998
2024-07-07,16.645833333333332
2024-07-08,18.933333333333334
2024-07-09,23.866666666666664
2024-07-10,22.358333333333334
2024-07-11,21.383333333333336
2024-07-12,20.504166666666666
2024-07-13,17.316666666666666
2024-07-14,18.654166666666665
2024-07-15,21.670833333333334
2024-07-16,20.7
2024-07-17,19.916666666666668
2024-07-18,21.59166666666667
2024-07-19,23.34583333333333
2024-07-20,24.733333333333334
2024-07-21,23.241666666666664
2024-07-22,22.754166666666666
2024-07-23,20.258333333333333
2024-07-24,19.316666666666666
2024-07-25,20.400000000000002
2024-07-26,20.758333333333333
2024-07-27,20.320833333333333
2024-07-28,19.55
2024-07-29,20.2
2024-07-30,23.004166666666666
2024-07-31,24.420833333333334
2024-08-01,22.316666666666666
2024-08-02,21.495833333333334
2024-08-03,20.729166666666668
2024-08-04,19.416666666666668
2024-08-05,19.716666666666665
2024-08-06,22.025000000000002
2024-08-07,20.904166666666665
2024-08-08,20.325
2024-08-09,21.650000000000002
2024-08-10,22.170833333333334
2024-08-11,23.041666666666668
2024-08-12,25.433333333333334
2024-08-13,26.599999999999998
2024-08-14,24.27916666666667
2024-08-15,23.0
2024-08-16,23.3
2024-08-17,21.391666666666666
2024-08-18,20.2375
2024-08-19,19.033333333333335
2024-08-20,20.008333333333333
2024-08-21,18.916666666666668
2024-08-22,18.0625
2024-08-23,21.224999999999998
2024-08-24,25.183333333333334
2024-08-25,19.212500000000002
2024-08-26,17.083333333333332
2024-08-27,20.087500000000002
2024-08-28,23.02916666666667
2024-08-29,25.275000000000002
2024-08-30,23.21666666666667
2024-08-31,23.90416666666667
2024-09-01,25.508333333333336
2024-09-02,23.708333333333332
2024-09-03,23.833333333333332
2024-09-04,21.804166666666664
2024-09-05,24.758333333333336
2024-09-06,20.354166666666668
2024-09-07,21.833333333333332
2024-09-08,19.599999999999998
2024-09-09,16.695833333333333
2024-09-10,16.458333333333332
2024-09-11,13.379166666666668
2024-09-12,10.387500000000001
2024-09-13,11.558333333333332
2024-09-14,12.020833333333334
2024-09-15,12.370833333333332
2024-09-16,14.6
2024-09-17,17.150000000000002
2024-09-18,19.395833333333332
